/*
Navicat MySQL Data Transfer

Source Server         : SERVER_MASTER
Source Server Version : 50532
Source Host           : 192.168.1.253:3306
Source Database       : db_kpi

Target Server Type    : MYSQL
Target Server Version : 50532
File Encoding         : 65001

Date: 2016-11-29 11:36:47
*/

SET FOREIGN_KEY_CHECKS=0;
-- ----------------------------
-- Table structure for `configure`
-- ----------------------------
DROP TABLE IF EXISTS `configure`;
CREATE TABLE `configure` (
  `id` int(13) NOT NULL,
  `hospcode` int(13) NOT NULL,
  `hospname` varchar(255) NOT NULL,
  `address` varchar(255) DEFAULT NULL,
  `telephone` varchar(20) DEFAULT NULL,
  `state` enum('enable','disable') NOT NULL,
  PRIMARY KEY (`id`)
) ENGINE=InnoDB DEFAULT CHARSET=utf8;

-- ----------------------------
-- Records of configure
-- ----------------------------
INSERT INTO configure VALUES ('1', '11381', 'โรงพยาบาลละแม', '45 ม. 7 ถ.เพชรเกษม ต.ละแม อ.ละแม จ.ชุมพร', '077-559116', 'enable');

-- ----------------------------
-- Table structure for `department`
-- ----------------------------
DROP TABLE IF EXISTS `department`;
CREATE TABLE `department` (
  `id` int(13) NOT NULL AUTO_INCREMENT,
  `name` varchar(100) NOT NULL,
  `template_type_id` int(13) NOT NULL,
  PRIMARY KEY (`id`)
) ENGINE=InnoDB AUTO_INCREMENT=4 DEFAULT CHARSET=utf8;

-- ----------------------------
-- Records of department
-- ----------------------------
INSERT INTO department VALUES ('1', 'โรงพยาบาล', '1');
INSERT INTO department VALUES ('2', 'ทีม IM', '2');
INSERT INTO department VALUES ('3', 'ผู้ป่วยใน', '3');

-- ----------------------------
-- Table structure for `kpi`
-- ----------------------------
DROP TABLE IF EXISTS `kpi`;
CREATE TABLE `kpi` (
  `id` int(13) NOT NULL AUTO_INCREMENT,
  `template_id` int(13) NOT NULL,
  `newyear_id` int(13) NOT NULL,
  `target` varchar(255) DEFAULT NULL,
  `result` varchar(255) DEFAULT NULL,
  `type_id` enum('รายปี','ครึ่งปีแรก','ครึ่งปีหลัง','ไตรมาส1','ไตรมาส2','ไตรมาส3','ไตรมาส4','มกราคม','กุมภาพันธ์','มีนาคม','เมษายน','พฤษภาคม','มิถุนายน','กรกฎาคม','สิงหาคม','กันยายน','ตุลาคม','พฤศจิกายน','ธันวาคม') NOT NULL,
  `created` datetime NOT NULL,
  `state` enum('enable','locked') NOT NULL,
  `username` varchar(255) NOT NULL,
  `process` enum('ผ่านเกณฑ์','ไม่ผ่านเกณฑ์') NOT NULL,
  PRIMARY KEY (`id`)
) ENGINE=InnoDB AUTO_INCREMENT=311 DEFAULT CHARSET=utf8;

-- ----------------------------
-- Records of kpi
-- ----------------------------
INSERT INTO kpi VALUES ('4', '43', '3', '< 1', '0.57', 'รายปี', '2016-08-02 09:01:32', 'enable', 'admin', 'ผ่านเกณฑ์');
INSERT INTO kpi VALUES ('5', '43', '4', '< 1', '1.33', 'รายปี', '2016-08-02 09:01:28', 'enable', 'admin', 'ไม่ผ่านเกณฑ์');
INSERT INTO kpi VALUES ('6', '43', '5', '< 1', '1.89', 'รายปี', '2016-08-02 09:01:24', 'enable', 'admin', 'ไม่ผ่านเกณฑ์');
INSERT INTO kpi VALUES ('7', '45', '3', '> 50%', '35.41', 'รายปี', '2016-11-18 11:10:39', 'enable', 'กานต์ชนก', 'ไม่ผ่านเกณฑ์');
INSERT INTO kpi VALUES ('8', '45', '4', '> 50%', '26.77', 'รายปี', '2016-11-18 11:10:51', 'enable', 'กานต์ชนก', 'ไม่ผ่านเกณฑ์');
INSERT INTO kpi VALUES ('9', '45', '5', '> 50%', '37.05', 'รายปี', '2016-11-18 11:11:02', 'enable', 'กานต์ชนก', 'ไม่ผ่านเกณฑ์');
INSERT INTO kpi VALUES ('10', '47', '3', '80%', '74.87', 'รายปี', '2016-11-18 11:09:41', 'enable', 'กานต์ชนก', 'ไม่ผ่านเกณฑ์');
INSERT INTO kpi VALUES ('11', '47', '4', '80%', '80.56', 'รายปี', '2016-11-18 11:09:55', 'enable', 'กานต์ชนก', 'ผ่านเกณฑ์');
INSERT INTO kpi VALUES ('12', '47', '5', '80%', '80.19', 'รายปี', '2016-11-18 11:10:06', 'enable', 'กานต์ชนก', 'ผ่านเกณฑ์');
INSERT INTO kpi VALUES ('13', '48', '3', '70%', '92.66', 'รายปี', '2016-11-24 11:32:10', 'enable', 'กานต์ชนก', 'ผ่านเกณฑ์');
INSERT INTO kpi VALUES ('14', '48', '4', '70%', '97.30', 'รายปี', '2016-11-24 11:31:59', 'enable', 'กานต์ชนก', 'ผ่านเกณฑ์');
INSERT INTO kpi VALUES ('15', '48', '5', '70%', '93.40', 'รายปี', '2016-11-24 11:31:47', 'enable', 'กานต์ชนก', 'ผ่านเกณฑ์');
INSERT INTO kpi VALUES ('16', '49', '3', '60%', '74.54', 'รายปี', '2016-11-24 11:34:45', 'enable', 'กานต์ชนก', 'ผ่านเกณฑ์');
INSERT INTO kpi VALUES ('17', '49', '4', '60%', '86.07', 'รายปี', '2016-11-24 11:34:34', 'enable', 'กานต์ชนก', 'ผ่านเกณฑ์');
INSERT INTO kpi VALUES ('18', '49', '5', '60%', '80.10', 'รายปี', '2016-11-24 11:34:21', 'enable', 'กานต์ชนก', 'ผ่านเกณฑ์');
INSERT INTO kpi VALUES ('19', '50', '3', '70%', '91.59', 'รายปี', '2016-11-24 11:35:35', 'enable', 'กานต์ชนก', 'ผ่านเกณฑ์');
INSERT INTO kpi VALUES ('20', '50', '4', '70%', '97.30', 'รายปี', '2016-11-24 11:35:26', 'enable', 'กานต์ชนก', 'ผ่านเกณฑ์');
INSERT INTO kpi VALUES ('21', '50', '5', '70%', '91.17', 'รายปี', '2016-11-24 11:35:14', 'enable', 'กานต์ชนก', 'ผ่านเกณฑ์');
INSERT INTO kpi VALUES ('22', '52', '3', '14.00', '18.00', 'รายปี', '2016-08-02 09:06:41', 'enable', 'admin', 'ผ่านเกณฑ์');
INSERT INTO kpi VALUES ('23', '52', '4', '14.00', '6.5', 'รายปี', '2016-11-16 11:43:56', 'enable', 'กานต์ชนก', 'ไม่ผ่านเกณฑ์');
INSERT INTO kpi VALUES ('24', '52', '5', '14.00', '7.0', 'รายปี', '2016-11-16 11:44:04', 'enable', 'กานต์ชนก', 'ไม่ผ่านเกณฑ์');
INSERT INTO kpi VALUES ('25', '53', '3', '80%', '80.19', 'รายปี', '2016-08-02 09:07:55', 'enable', 'admin', 'ผ่านเกณฑ์');
INSERT INTO kpi VALUES ('26', '53', '4', '80%', '82.10', 'รายปี', '2016-08-02 09:07:47', 'enable', 'admin', 'ผ่านเกณฑ์');
INSERT INTO kpi VALUES ('27', '53', '5', '80%', '71.10', 'รายปี', '2016-08-02 09:07:38', 'enable', 'admin', 'ไม่ผ่านเกณฑ์');
INSERT INTO kpi VALUES ('28', '54', '3', '80%', '93.30', 'รายปี', '2016-08-02 09:08:40', 'enable', 'admin', 'ผ่านเกณฑ์');
INSERT INTO kpi VALUES ('29', '54', '4', '80%', '92.50', 'รายปี', '2016-08-02 09:08:35', 'enable', 'admin', 'ผ่านเกณฑ์');
INSERT INTO kpi VALUES ('30', '54', '5', '80%', '75.00', 'รายปี', '2016-08-02 09:08:27', 'enable', 'admin', 'ไม่ผ่านเกณฑ์');
INSERT INTO kpi VALUES ('31', '56', '3', '≥ 1.5', '3.15', 'รายปี', '2016-08-02 09:09:09', 'enable', 'admin', 'ผ่านเกณฑ์');
INSERT INTO kpi VALUES ('32', '56', '4', '≥ 1.5', '0.65', 'รายปี', '2016-11-24 11:25:43', 'enable', 'กานต์ชนก', 'ไม่ผ่านเกณฑ์');
INSERT INTO kpi VALUES ('33', '56', '5', '≥ 1.5', '0.96', 'รายปี', '2016-11-24 11:25:13', 'enable', 'กานต์ชนก', 'ไม่ผ่านเกณฑ์');
INSERT INTO kpi VALUES ('34', '57', '3', '≥ 1.5', '2.89', 'รายปี', '2016-08-02 09:09:32', 'enable', 'admin', 'ผ่านเกณฑ์');
INSERT INTO kpi VALUES ('35', '57', '4', '≥ 1.5', '1.75', 'รายปี', '2016-08-02 09:09:26', 'enable', 'admin', 'ผ่านเกณฑ์');
INSERT INTO kpi VALUES ('36', '57', '5', '≥ 1.5', '1.19', 'รายปี', '2016-08-02 09:09:20', 'enable', 'admin', 'ไม่ผ่านเกณฑ์');
INSERT INTO kpi VALUES ('37', '58', '3', '≥ 1.0', '1.72', 'รายปี', '2016-08-02 09:10:08', 'enable', 'admin', 'ผ่านเกณฑ์');
INSERT INTO kpi VALUES ('38', '58', '4', '≥ 1.0', '1.68', 'รายปี', '2016-08-02 09:10:00', 'enable', 'admin', 'ผ่านเกณฑ์');
INSERT INTO kpi VALUES ('39', '58', '5', '≥ 1.0', '0.66', 'รายปี', '2016-08-02 09:09:54', 'enable', 'admin', 'ไม่ผ่านเกณฑ์');
INSERT INTO kpi VALUES ('40', '59', '3', '>80%', '90.00', 'รายปี', '2016-08-02 09:10:39', 'enable', 'admin', 'ผ่านเกณฑ์');
INSERT INTO kpi VALUES ('41', '59', '4', '>80%', '68.80', 'รายปี', '2016-08-02 09:10:30', 'enable', 'admin', 'ไม่ผ่านเกณฑ์');
INSERT INTO kpi VALUES ('42', '59', '5', '>80%', '72.14', 'รายปี', '2016-11-24 12:09:10', 'enable', 'กานต์ชนก', 'ไม่ผ่านเกณฑ์');
INSERT INTO kpi VALUES ('43', '60', '3', '<20', '41.80', 'รายปี', '2016-08-02 09:11:39', 'enable', 'admin', 'ไม่ผ่านเกณฑ์');
INSERT INTO kpi VALUES ('44', '60', '4', '<20', '39.73', 'รายปี', '2016-08-02 09:11:31', 'enable', 'admin', 'ไม่ผ่านเกณฑ์');
INSERT INTO kpi VALUES ('45', '60', '5', '<20', '34.00', 'รายปี', '2016-11-17 11:48:22', 'enable', 'กานต์ชนก', 'ไม่ผ่านเกณฑ์');
INSERT INTO kpi VALUES ('46', '110', '3', '80%', '82.43', 'รายปี', '2016-08-02 10:13:39', 'enable', 'admin', 'ผ่านเกณฑ์');
INSERT INTO kpi VALUES ('47', '110', '4', '80%', '84.68', 'รายปี', '2016-08-02 10:13:34', 'enable', 'admin', 'ผ่านเกณฑ์');
INSERT INTO kpi VALUES ('48', '110', '5', '80%', '86.26', 'รายปี', '2016-08-02 10:13:30', 'enable', 'admin', 'ผ่านเกณฑ์');
INSERT INTO kpi VALUES ('49', '62', '3', '0', '0.62', 'รายปี', '2016-08-02 09:31:43', 'enable', 'admin', 'ไม่ผ่านเกณฑ์');
INSERT INTO kpi VALUES ('50', '62', '4', '0', '0.50', 'รายปี', '2016-08-02 09:32:07', 'enable', 'admin', 'ไม่ผ่านเกณฑ์');
INSERT INTO kpi VALUES ('51', '62', '5', '0', '0.13', 'รายปี', '2016-08-02 09:32:24', 'enable', 'admin', 'ไม่ผ่านเกณฑ์');
INSERT INTO kpi VALUES ('52', '64', '3', '12', '12', 'รายปี', '2016-08-02 09:33:44', 'enable', 'admin', 'ผ่านเกณฑ์');
INSERT INTO kpi VALUES ('53', '64', '4', '12', '9', 'รายปี', '2016-08-02 09:34:15', 'enable', 'admin', 'ไม่ผ่านเกณฑ์');
INSERT INTO kpi VALUES ('54', '64', '5', '12', '10', 'รายปี', '2016-08-02 09:34:29', 'enable', 'admin', 'ไม่ผ่านเกณฑ์');
INSERT INTO kpi VALUES ('55', '79', '3', '0', '0', 'รายปี', '2016-08-02 09:36:41', 'enable', 'admin', 'ผ่านเกณฑ์');
INSERT INTO kpi VALUES ('56', '79', '4', '0', '2', 'รายปี', '2016-08-02 09:36:56', 'enable', 'admin', 'ไม่ผ่านเกณฑ์');
INSERT INTO kpi VALUES ('57', '79', '5', '0', '0', 'รายปี', '2016-08-02 09:37:11', 'enable', 'admin', 'ผ่านเกณฑ์');
INSERT INTO kpi VALUES ('58', '81', '3', '0', '0', 'รายปี', '2016-08-02 09:37:49', 'enable', 'admin', 'ผ่านเกณฑ์');
INSERT INTO kpi VALUES ('59', '81', '4', '0', '0', 'รายปี', '2016-08-02 09:37:58', 'enable', 'admin', 'ผ่านเกณฑ์');
INSERT INTO kpi VALUES ('60', '81', '5', '0', '0', 'รายปี', '2016-08-02 09:38:07', 'enable', 'admin', 'ผ่านเกณฑ์');
INSERT INTO kpi VALUES ('61', '83', '3', '0', '1.82', 'รายปี', '2016-08-02 09:39:12', 'enable', 'admin', 'ไม่ผ่านเกณฑ์');
INSERT INTO kpi VALUES ('62', '83', '4', '0', '1.00', 'รายปี', '2016-08-02 09:39:42', 'enable', 'admin', 'ไม่ผ่านเกณฑ์');
INSERT INTO kpi VALUES ('63', '83', '5', '0', '4.94', 'รายปี', '2016-08-02 09:39:57', 'enable', 'admin', 'ไม่ผ่านเกณฑ์');
INSERT INTO kpi VALUES ('64', '84', '3', '100%', '45%', 'รายปี', '2016-08-02 09:40:51', 'enable', 'admin', 'ไม่ผ่านเกณฑ์');
INSERT INTO kpi VALUES ('65', '84', '4', '100%', '54.54%', 'รายปี', '2016-08-02 09:41:13', 'enable', 'admin', 'ไม่ผ่านเกณฑ์');
INSERT INTO kpi VALUES ('66', '84', '5', '100%', '75.00%', 'รายปี', '2016-08-02 09:41:33', 'enable', 'admin', 'ไม่ผ่านเกณฑ์');
INSERT INTO kpi VALUES ('67', '85', '3', '100%', '100%', 'รายปี', '2016-08-02 09:42:05', 'enable', 'admin', 'ผ่านเกณฑ์');
INSERT INTO kpi VALUES ('68', '85', '4', '100%', '100%', 'รายปี', '2016-08-02 09:42:14', 'enable', 'admin', 'ผ่านเกณฑ์');
INSERT INTO kpi VALUES ('69', '85', '5', '100%', '100%', 'รายปี', '2016-08-02 09:42:25', 'enable', 'admin', 'ผ่านเกณฑ์');
INSERT INTO kpi VALUES ('70', '87', '3', '<1', '0.14', 'รายปี', '2016-08-02 09:43:07', 'enable', 'admin', 'ผ่านเกณฑ์');
INSERT INTO kpi VALUES ('71', '87', '4', '<1', '0.13', 'รายปี', '2016-08-02 09:43:29', 'enable', 'admin', 'ผ่านเกณฑ์');
INSERT INTO kpi VALUES ('72', '87', '5', '<1', '0.14', 'รายปี', '2016-11-24 11:49:28', 'enable', 'กานต์ชนก', 'ผ่านเกณฑ์');
INSERT INTO kpi VALUES ('73', '88', '3', '0', '1', 'รายปี', '2016-08-02 09:44:18', 'enable', 'admin', 'ไม่ผ่านเกณฑ์');
INSERT INTO kpi VALUES ('74', '88', '4', '0', '0', 'รายปี', '2016-08-02 09:44:26', 'enable', 'admin', 'ผ่านเกณฑ์');
INSERT INTO kpi VALUES ('75', '88', '5', '0', '0', 'รายปี', '2016-08-02 09:44:33', 'enable', 'admin', 'ผ่านเกณฑ์');
INSERT INTO kpi VALUES ('76', '90', '3', '>80%', '77.39%', 'รายปี', '2016-08-02 09:45:16', 'enable', 'admin', 'ไม่ผ่านเกณฑ์');
INSERT INTO kpi VALUES ('77', '90', '4', '>80%', '87.15', 'รายปี', '2016-08-02 09:45:38', 'enable', 'admin', 'ผ่านเกณฑ์');
INSERT INTO kpi VALUES ('78', '90', '5', '>80%', '88.54', 'รายปี', '2016-08-02 09:45:55', 'enable', 'admin', 'ผ่านเกณฑ์');
INSERT INTO kpi VALUES ('79', '91', '3', '>80%', '83.06%', 'รายปี', '2016-08-02 09:46:22', 'enable', 'admin', 'ผ่านเกณฑ์');
INSERT INTO kpi VALUES ('80', '91', '4', '>80%', '89.67%', 'รายปี', '2016-08-02 09:46:40', 'enable', 'admin', 'ผ่านเกณฑ์');
INSERT INTO kpi VALUES ('81', '91', '5', '>80%', '89.98%', 'รายปี', '2016-08-02 09:47:04', 'enable', 'admin', 'ผ่านเกณฑ์');
INSERT INTO kpi VALUES ('82', '93', '3', 'ลดลงร้อยละ 50', 'เพิ่มขึ้น', 'รายปี', '2016-08-02 09:47:58', 'enable', 'admin', 'ไม่ผ่านเกณฑ์');
INSERT INTO kpi VALUES ('83', '93', '4', 'ลดลงร้อยละ 50', 'ลดลงร้อยละ  100', 'รายปี', '2016-08-02 09:48:16', 'enable', 'admin', 'ผ่านเกณฑ์');
INSERT INTO kpi VALUES ('84', '93', '5', 'ลดลงร้อยละ 50', 'เพิ่มขึ้น', 'รายปี', '2016-08-02 09:48:31', 'enable', 'admin', 'ไม่ผ่านเกณฑ์');
INSERT INTO kpi VALUES ('85', '95', '3', '90 %', '84.25%', 'รายปี', '2016-08-02 09:49:23', 'enable', 'admin', 'ไม่ผ่านเกณฑ์');
INSERT INTO kpi VALUES ('86', '95', '4', '90%', '93.33%', 'รายปี', '2016-08-02 09:49:53', 'enable', 'admin', 'ผ่านเกณฑ์');
INSERT INTO kpi VALUES ('87', '95', '5', '90%', '85.19%', 'รายปี', '2016-08-02 09:50:15', 'enable', 'admin', 'ไม่ผ่านเกณฑ์');
INSERT INTO kpi VALUES ('88', '97', '3', '0', '0', 'รายปี', '2016-08-02 10:01:03', 'enable', 'admin', 'ผ่านเกณฑ์');
INSERT INTO kpi VALUES ('89', '97', '4', '0', '0', 'รายปี', '2016-08-02 10:01:11', 'enable', 'admin', 'ผ่านเกณฑ์');
INSERT INTO kpi VALUES ('90', '97', '5', '0', '0', 'รายปี', '2016-08-02 10:01:19', 'enable', 'admin', 'ผ่านเกณฑ์');
INSERT INTO kpi VALUES ('91', '98', '3', '< 2%', '0%', 'รายปี', '2016-08-02 10:01:55', 'enable', 'admin', 'ผ่านเกณฑ์');
INSERT INTO kpi VALUES ('92', '98', '4', '< 2%', '0.65%', 'รายปี', '2016-08-02 10:02:21', 'enable', 'admin', 'ผ่านเกณฑ์');
INSERT INTO kpi VALUES ('93', '98', '5', '< 2%', '0%', 'รายปี', '2016-08-02 10:02:43', 'enable', 'admin', 'ผ่านเกณฑ์');
INSERT INTO kpi VALUES ('94', '100', '3', 'ผ่านเกณฑ์การตรวจสอบ', 'ผ่านเกณฑ์', 'รายปี', '2016-08-02 10:03:16', 'enable', 'admin', 'ผ่านเกณฑ์');
INSERT INTO kpi VALUES ('95', '100', '4', 'ผ่านเกณฑ์การตรวจสอบ', 'ผ่านเกณฑ์', 'รายปี', '2016-08-02 10:03:33', 'enable', 'admin', 'ผ่านเกณฑ์');
INSERT INTO kpi VALUES ('96', '100', '5', 'ผ่านเกณฑ์การตรวจสอบ', 'ผ่านเกณฑ์', 'รายปี', '2016-08-02 10:03:47', 'enable', 'admin', 'ผ่านเกณฑ์');
INSERT INTO kpi VALUES ('97', '102', '3', '1,000:แสนประชากร', '450.82', 'รายปี', '2016-08-02 10:04:49', 'enable', 'admin', '');
INSERT INTO kpi VALUES ('98', '102', '4', '1,000:แสนประชากร', '332.36', 'รายปี', '2016-11-16 11:49:00', 'enable', 'กานต์ชนก', 'ผ่านเกณฑ์');
INSERT INTO kpi VALUES ('99', '102', '5', '1,000:แสนประชากร', '602.19', 'รายปี', '2016-11-16 11:49:15', 'enable', 'กานต์ชนก', 'ผ่านเกณฑ์');
INSERT INTO kpi VALUES ('100', '103', '3', '0', '1', 'รายปี', '2016-08-02 10:06:02', 'enable', 'admin', 'ไม่ผ่านเกณฑ์');
INSERT INTO kpi VALUES ('101', '103', '4', '0', '0', 'รายปี', '2016-08-02 10:06:10', 'enable', 'admin', 'ผ่านเกณฑ์');
INSERT INTO kpi VALUES ('102', '103', '5', '0', '0', 'รายปี', '2016-08-02 10:06:21', 'enable', 'admin', 'ผ่านเกณฑ์');
INSERT INTO kpi VALUES ('103', '104', '3', '50:แสนประชากร', '59.23', 'รายปี', '2016-08-02 10:07:38', 'enable', 'admin', '');
INSERT INTO kpi VALUES ('104', '104', '4', '50:แสนประชากร', '36.20', 'รายปี', '2016-08-02 10:07:58', 'enable', 'admin', '');
INSERT INTO kpi VALUES ('105', '104', '5', '50:แสนประชากร', '9.87', 'รายปี', '2016-08-02 10:08:18', 'enable', 'admin', '');
INSERT INTO kpi VALUES ('106', '105', '3', '0', '0', 'รายปี', '2016-08-02 10:10:12', 'enable', 'admin', 'ผ่านเกณฑ์');
INSERT INTO kpi VALUES ('107', '105', '4', '0', '0', 'รายปี', '2016-08-02 10:10:19', 'enable', 'admin', 'ผ่านเกณฑ์');
INSERT INTO kpi VALUES ('108', '105', '5', '0', '0', 'รายปี', '2016-08-02 10:10:26', 'enable', 'admin', 'ผ่านเกณฑ์');
INSERT INTO kpi VALUES ('109', '107', '3', '≥90%', '100%', 'รายปี', '2016-08-02 10:11:02', 'enable', 'admin', 'ผ่านเกณฑ์');
INSERT INTO kpi VALUES ('110', '107', '4', '≥90%', '100%', 'รายปี', '2016-08-02 10:11:21', 'enable', 'admin', 'ผ่านเกณฑ์');
INSERT INTO kpi VALUES ('111', '107', '5', '≥90%', '100%', 'รายปี', '2016-08-02 10:11:35', 'enable', 'admin', 'ผ่านเกณฑ์');
INSERT INTO kpi VALUES ('112', '108', '3', '≥90%', '100%', 'รายปี', '2016-08-02 10:12:47', 'enable', 'admin', 'ผ่านเกณฑ์');
INSERT INTO kpi VALUES ('113', '108', '4', '≥90%', '100%', 'รายปี', '2016-08-02 10:12:58', 'enable', 'admin', 'ผ่านเกณฑ์');
INSERT INTO kpi VALUES ('114', '108', '5', '≥90 %', '100%', 'รายปี', '2016-08-02 10:13:07', 'enable', 'admin', 'ผ่านเกณฑ์');
INSERT INTO kpi VALUES ('115', '111', '3', '80%', '89.41%', 'รายปี', '2016-08-02 10:14:37', 'enable', 'admin', 'ผ่านเกณฑ์');
INSERT INTO kpi VALUES ('116', '111', '4', '80%', '91.38%', 'รายปี', '2016-08-02 10:14:30', 'enable', 'admin', 'ผ่านเกณฑ์');
INSERT INTO kpi VALUES ('117', '111', '5', '80%', '94.64%', 'รายปี', '2016-08-02 10:14:59', 'enable', 'admin', 'ผ่านเกณฑ์');
INSERT INTO kpi VALUES ('118', '113', '3', '≥70%', '58.20', 'รายปี', '2016-11-17 12:04:16', 'enable', 'ปวิมล', 'ไม่ผ่านเกณฑ์');
INSERT INTO kpi VALUES ('119', '113', '4', '≥70%', '60.30', 'รายปี', '2016-11-24 10:43:39', 'enable', 'กานต์ชนก', 'ไม่ผ่านเกณฑ์');
INSERT INTO kpi VALUES ('120', '113', '5', '≥70%', '60.20', 'รายปี', '2016-11-24 10:43:29', 'enable', 'กานต์ชนก', 'ไม่ผ่านเกณฑ์');
INSERT INTO kpi VALUES ('121', '115', '3', '< 10%', '8.17%', 'รายปี', '2016-08-02 10:20:15', 'enable', 'admin', 'ผ่านเกณฑ์');
INSERT INTO kpi VALUES ('122', '115', '4', '< 10%', '5.15%', 'รายปี', '2016-08-02 10:20:35', 'enable', 'admin', 'ผ่านเกณฑ์');
INSERT INTO kpi VALUES ('123', '115', '5', '< 10%', '2.27%', 'รายปี', '2016-08-02 10:20:58', 'enable', 'admin', 'ผ่านเกณฑ์');
INSERT INTO kpi VALUES ('124', '116', '3', '< 10%', 'N/A', 'รายปี', '2016-11-18 11:17:08', 'enable', 'กานต์ชนก', '');
INSERT INTO kpi VALUES ('125', '116', '4', '< 10%', 'N/A', 'รายปี', '2016-11-18 11:17:19', 'enable', 'กานต์ชนก', '');
INSERT INTO kpi VALUES ('126', '116', '5', '< 10%', '8.73', 'รายปี', '2016-11-18 11:17:39', 'enable', 'กานต์ชนก', 'ผ่านเกณฑ์');
INSERT INTO kpi VALUES ('127', '117', '3', '< 10%', '0.50%', 'รายปี', '2016-08-02 10:22:31', 'enable', 'admin', 'ผ่านเกณฑ์');
INSERT INTO kpi VALUES ('128', '117', '4', '< 10%', '0.20%', 'รายปี', '2016-08-02 10:22:56', 'enable', 'admin', 'ผ่านเกณฑ์');
INSERT INTO kpi VALUES ('129', '117', '5', '< 10%', '0.22%', 'รายปี', '2016-08-02 10:23:15', 'enable', 'admin', 'ผ่านเกณฑ์');
INSERT INTO kpi VALUES ('130', '118', '3', '≥80%', '93.75%', 'รายปี', '2016-08-02 10:25:12', 'enable', 'admin', 'ผ่านเกณฑ์');
INSERT INTO kpi VALUES ('131', '118', '4', '>80%', '92.20%', 'รายปี', '2016-08-02 10:25:31', 'enable', 'admin', 'ผ่านเกณฑ์');
INSERT INTO kpi VALUES ('132', '118', '5', '>80%', '91.98%', 'รายปี', '2016-08-02 10:25:49', 'enable', 'admin', 'ผ่านเกณฑ์');
INSERT INTO kpi VALUES ('133', '119', '3', '>80%', '81.08%', 'รายปี', '2016-08-02 10:26:16', 'enable', 'admin', 'ผ่านเกณฑ์');
INSERT INTO kpi VALUES ('134', '119', '4', '>80%', '82.19%', 'รายปี', '2016-08-02 10:26:32', 'enable', 'admin', 'ผ่านเกณฑ์');
INSERT INTO kpi VALUES ('135', '119', '5', '>80%', '83.86%', 'รายปี', '2016-08-02 10:26:52', 'enable', 'admin', 'ผ่านเกณฑ์');
INSERT INTO kpi VALUES ('136', '120', '3', '90%', '95.51%', 'รายปี', '2016-08-02 10:28:06', 'enable', 'admin', 'ผ่านเกณฑ์');
INSERT INTO kpi VALUES ('137', '120', '4', '90%', '92.69', 'รายปี', '2016-08-02 10:28:25', 'enable', 'admin', 'ผ่านเกณฑ์');
INSERT INTO kpi VALUES ('138', '120', '5', '90%', '91.1%', 'รายปี', '2016-08-02 10:28:42', 'enable', 'admin', 'ผ่านเกณฑ์');
INSERT INTO kpi VALUES ('139', '121', '3', '>85%', '99.84%', 'รายปี', '2016-08-02 10:30:47', 'enable', 'admin', 'ผ่านเกณฑ์');
INSERT INTO kpi VALUES ('140', '121', '4', '>85%', '100%', 'รายปี', '2016-08-02 10:31:07', 'enable', 'admin', 'ผ่านเกณฑ์');
INSERT INTO kpi VALUES ('141', '121', '5', '>85%', '99.84%', 'รายปี', '2016-08-02 10:31:27', 'enable', 'admin', 'ผ่านเกณฑ์');
INSERT INTO kpi VALUES ('142', '122', '3', '< 10%', '3.80%', 'รายปี', '2016-08-02 10:33:32', 'enable', 'admin', 'ผ่านเกณฑ์');
INSERT INTO kpi VALUES ('143', '122', '4', '< 10%', '15%', 'รายปี', '2016-11-16 11:56:07', 'enable', 'กานต์ชนก', 'ไม่ผ่านเกณฑ์');
INSERT INTO kpi VALUES ('144', '122', '5', '< 10%', '25.87%', 'รายปี', '2016-11-16 11:56:19', 'enable', 'กานต์ชนก', 'ไม่ผ่านเกณฑ์');
INSERT INTO kpi VALUES ('145', '123', '3', '< 5%', '0', 'รายปี', '2016-08-02 10:34:43', 'enable', 'admin', 'ผ่านเกณฑ์');
INSERT INTO kpi VALUES ('146', '123', '4', '< 5%', '4', 'รายปี', '2016-08-02 10:35:02', 'enable', 'admin', 'ผ่านเกณฑ์');
INSERT INTO kpi VALUES ('147', '123', '5', '< 5%', '0', 'รายปี', '2016-08-02 10:35:15', 'enable', 'admin', 'ผ่านเกณฑ์');
INSERT INTO kpi VALUES ('148', '124', '3', '> 20%', '8.23%', 'รายปี', '2016-08-02 10:35:56', 'enable', 'admin', 'ไม่ผ่านเกณฑ์');
INSERT INTO kpi VALUES ('149', '124', '4', '> 20%', '6.89%', 'รายปี', '2016-08-02 10:36:16', 'enable', 'admin', 'ไม่ผ่านเกณฑ์');
INSERT INTO kpi VALUES ('150', '124', '5', '> 20%', '9.04%', 'รายปี', '2016-11-16 11:57:38', 'enable', 'กานต์ชนก', 'ไม่ผ่านเกณฑ์');
INSERT INTO kpi VALUES ('151', '125', '3', '>30%', 'N/A', 'รายปี', '2016-08-02 10:37:16', 'enable', 'admin', '');
INSERT INTO kpi VALUES ('152', '125', '4', '>30%', 'N/A', 'รายปี', '2016-08-02 10:37:52', 'enable', 'admin', '');
INSERT INTO kpi VALUES ('153', '125', '5', '>30%', '61.75%', 'รายปี', '2016-08-02 10:38:17', 'enable', 'admin', 'ผ่านเกณฑ์');
INSERT INTO kpi VALUES ('154', '66', '3', '12ครั้ง/ปี', '10', 'รายปี', '2016-08-02 13:39:07', 'enable', 'admin', 'ไม่ผ่านเกณฑ์');
INSERT INTO kpi VALUES ('155', '66', '4', '12ครั้ง/ปี', '10', 'รายปี', '2016-08-02 13:39:21', 'enable', 'admin', 'ไม่ผ่านเกณฑ์');
INSERT INTO kpi VALUES ('156', '66', '5', '12ครั้ง/ปี', '9', 'รายปี', '2016-08-02 13:39:35', 'enable', 'admin', 'ไม่ผ่านเกณฑ์');
INSERT INTO kpi VALUES ('157', '67', '3', '12ครั้ง/ปี', '12ครั้ง', 'รายปี', '2016-08-02 13:40:08', 'enable', 'admin', 'ผ่านเกณฑ์');
INSERT INTO kpi VALUES ('158', '67', '4', '12ครั้ง/ปี', '5ครั้ง', 'รายปี', '2016-08-02 13:40:32', 'enable', 'admin', 'ไม่ผ่านเกณฑ์');
INSERT INTO kpi VALUES ('159', '67', '5', '12ครั้ง/ปี', '11ครั้ง', 'รายปี', '2016-08-02 13:40:53', 'enable', 'admin', 'ไม่ผ่านเกณฑ์');
INSERT INTO kpi VALUES ('160', '68', '3', '12ครั้ง/ปี', '12ครั้ง', 'รายปี', '2016-08-02 13:41:23', 'enable', 'admin', 'ผ่านเกณฑ์');
INSERT INTO kpi VALUES ('161', '68', '4', '12ครั้ง/ปี', '12ครั้ง', 'รายปี', '2016-08-02 13:41:34', 'enable', 'admin', 'ผ่านเกณฑ์');
INSERT INTO kpi VALUES ('162', '68', '5', '12ครั้ง/ปี', '12ครั้ง', 'รายปี', '2016-08-02 13:41:44', 'enable', 'admin', 'ผ่านเกณฑ์');
INSERT INTO kpi VALUES ('163', '69', '3', '12ครั้ง/ปี', '12ครั้ง', 'รายปี', '2016-08-02 13:42:09', 'enable', 'admin', 'ผ่านเกณฑ์');
INSERT INTO kpi VALUES ('164', '69', '4', '12ครั้ง/ปี', '12ครั้ง', 'รายปี', '2016-08-02 13:42:21', 'enable', 'admin', 'ผ่านเกณฑ์');
INSERT INTO kpi VALUES ('165', '69', '5', '12ครั้ง/ปี', '10', 'รายปี', '2016-08-02 13:42:35', 'enable', 'admin', 'ไม่ผ่านเกณฑ์');
INSERT INTO kpi VALUES ('166', '70', '3', '12ครั้ง/ปี', '12ครั้ง', 'รายปี', '2016-08-02 13:42:59', 'enable', 'admin', 'ผ่านเกณฑ์');
INSERT INTO kpi VALUES ('167', '70', '4', '12ครั้ง/ปี', '12ครั้ง', 'รายปี', '2016-08-02 13:43:09', 'enable', 'admin', 'ผ่านเกณฑ์');
INSERT INTO kpi VALUES ('168', '70', '5', '12ครั้ง/ปี', '12ครั้ง', 'รายปี', '2016-08-02 13:43:22', 'enable', 'admin', 'ผ่านเกณฑ์');
INSERT INTO kpi VALUES ('169', '71', '3', '12ครั้ง/ปี', '12ครั้ง', 'รายปี', '2016-08-02 13:43:45', 'enable', 'admin', 'ผ่านเกณฑ์');
INSERT INTO kpi VALUES ('170', '71', '4', '12ครั้ง/ปี', '12ครั้ง', 'รายปี', '2016-08-02 13:43:54', 'enable', 'admin', 'ผ่านเกณฑ์');
INSERT INTO kpi VALUES ('171', '71', '5', '12ครั้ง/ปี', '12ครั้ง', 'รายปี', '2016-08-02 13:44:04', 'enable', 'admin', 'ผ่านเกณฑ์');
INSERT INTO kpi VALUES ('172', '72', '3', '5/5', '2/5', 'รายปี', '2016-08-02 13:44:44', 'enable', 'admin', 'ไม่ผ่านเกณฑ์');
INSERT INTO kpi VALUES ('173', '72', '4', '5/5', '3/5', 'รายปี', '2016-08-02 13:45:36', 'enable', 'admin', 'ไม่ผ่านเกณฑ์');
INSERT INTO kpi VALUES ('174', '72', '5', '5/5', '2/5', 'รายปี', '2016-08-02 13:45:19', 'enable', 'admin', 'ไม่ผ่านเกณฑ์');
INSERT INTO kpi VALUES ('175', '74', '3', '90-110%', '125%', 'รายปี', '2016-08-02 13:46:57', 'enable', 'admin', '');
INSERT INTO kpi VALUES ('176', '74', '4', '90-110%', '140%', 'รายปี', '2016-08-02 13:47:17', 'enable', 'admin', '');
INSERT INTO kpi VALUES ('177', '74', '5', '90-110%', '126%', 'รายปี', '2016-08-02 13:48:55', 'enable', 'admin', '');
INSERT INTO kpi VALUES ('178', '75', '3', '90-110%', '95.20%', 'รายปี', '2016-08-02 13:49:44', 'enable', 'admin', '');
INSERT INTO kpi VALUES ('179', '75', '4', '90-110%', '95.83%', 'รายปี', '2016-08-02 13:50:09', 'enable', 'admin', '');
INSERT INTO kpi VALUES ('180', '75', '5', '90-110%', '98.66%', 'รายปี', '2016-08-02 13:55:37', 'enable', 'admin', '');
INSERT INTO kpi VALUES ('181', '76', '3', '90-110%', '125%', 'รายปี', '2016-08-02 13:56:06', 'enable', 'admin', '');
INSERT INTO kpi VALUES ('182', '76', '4', '90-110%', '125.02%', 'รายปี', '2016-08-02 13:56:28', 'enable', 'admin', '');
INSERT INTO kpi VALUES ('183', '76', '5', '90-110%', '126.16%', 'รายปี', '2016-08-02 13:56:47', 'enable', 'admin', '');
INSERT INTO kpi VALUES ('184', '77', '3', '90-110%', '45%', 'รายปี', '2016-08-02 13:57:15', 'enable', 'admin', '');
INSERT INTO kpi VALUES ('185', '77', '4', '90-110%', '48%', 'รายปี', '2016-08-02 13:57:31', 'enable', 'admin', '');
INSERT INTO kpi VALUES ('186', '77', '5', '90-110%', '49', 'รายปี', '2016-08-02 13:58:32', 'enable', 'admin', '');
INSERT INTO kpi VALUES ('187', '78', '3', '90-110%', '58.84%', 'รายปี', '2016-08-02 13:59:30', 'enable', 'admin', '');
INSERT INTO kpi VALUES ('188', '78', '4', '90-110%', '56.14%', 'รายปี', '2016-08-02 13:59:51', 'enable', 'admin', '');
INSERT INTO kpi VALUES ('189', '78', '5', '90-110%', '51.18', 'รายปี', '2016-08-02 14:00:12', 'enable', 'admin', '');
INSERT INTO kpi VALUES ('190', '43', '6', '<1', '2.24', 'รายปี', '2016-11-08 09:45:42', 'enable', 'กานต์ชนก', 'ไม่ผ่านเกณฑ์');
INSERT INTO kpi VALUES ('191', '45', '6', '>50%', '53.25', 'รายปี', '2016-11-18 11:11:12', 'enable', 'กานต์ชนก', 'ผ่านเกณฑ์');
INSERT INTO kpi VALUES ('192', '47', '6', '80%', '80.60', 'รายปี', '2016-11-18 11:10:14', 'enable', 'กานต์ชนก', 'ผ่านเกณฑ์');
INSERT INTO kpi VALUES ('193', '48', '6', '70%', '89.22', 'รายปี', '2016-11-24 11:31:37', 'enable', 'กานต์ชนก', 'ผ่านเกณฑ์');
INSERT INTO kpi VALUES ('194', '49', '6', '60%', '78.26', 'รายปี', '2016-11-24 11:34:09', 'enable', 'กานต์ชนก', 'ผ่านเกณฑ์');
INSERT INTO kpi VALUES ('195', '50', '6', '70%', '88.57', 'รายปี', '2016-11-24 11:35:07', 'enable', 'กานต์ชนก', 'ผ่านเกณฑ์');
INSERT INTO kpi VALUES ('196', '52', '6', '14.00', '11.27', 'รายปี', '2016-11-16 11:44:11', 'enable', 'กานต์ชนก', 'ไม่ผ่านเกณฑ์');
INSERT INTO kpi VALUES ('197', '56', '6', '≥1.5', '1.01', 'รายปี', '2016-11-24 11:25:00', 'enable', 'กานต์ชนก', 'ไม่ผ่านเกณฑ์');
INSERT INTO kpi VALUES ('198', '57', '6', '≥1.5', '0.96', 'รายปี', '2016-11-24 15:48:46', 'enable', 'กานต์ชนก', 'ไม่ผ่านเกณฑ์');
INSERT INTO kpi VALUES ('199', '58', '6', '≥1.0', '0.65', 'รายปี', '2016-11-24 15:49:01', 'enable', 'กานต์ชนก', 'ไม่ผ่านเกณฑ์');
INSERT INTO kpi VALUES ('200', '54', '6', '80%', '89.80', 'รายปี', '2016-11-10 13:01:13', 'enable', 'หทัยรัตน์', 'ผ่านเกณฑ์');
INSERT INTO kpi VALUES ('201', '59', '6', '>80%', '71.99', 'รายปี', '2016-09-19 14:29:47', 'enable', 'กานต์ชนก', 'ไม่ผ่านเกณฑ์');
INSERT INTO kpi VALUES ('202', '60', '6', '<20%', '34.9', 'รายปี', '2016-09-19 14:30:31', 'enable', 'กานต์ชนก', 'ไม่ผ่านเกณฑ์');
INSERT INTO kpi VALUES ('203', '62', '6', '0', '0.44', 'รายปี', '2016-11-18 11:12:13', 'enable', 'กานต์ชนก', 'ไม่ผ่านเกณฑ์');
INSERT INTO kpi VALUES ('204', '67', '6', '12ครั้ง/ปี', '9', 'รายปี', '2016-09-19 14:34:27', 'enable', 'กานต์ชนก', 'ไม่ผ่านเกณฑ์');
INSERT INTO kpi VALUES ('205', '68', '6', '12ครั้ง/ปี', '9', 'รายปี', '2016-09-19 14:34:56', 'enable', 'กานต์ชนก', 'ไม่ผ่านเกณฑ์');
INSERT INTO kpi VALUES ('206', '69', '6', '12ครั้ง/ปี', '9', 'รายปี', '2016-09-19 14:35:22', 'enable', 'กานต์ชนก', 'ไม่ผ่านเกณฑ์');
INSERT INTO kpi VALUES ('207', '70', '6', '12ครั้ง/ปี', '9', 'รายปี', '2016-09-19 14:35:42', 'enable', 'กานต์ชนก', 'ไม่ผ่านเกณฑ์');
INSERT INTO kpi VALUES ('208', '71', '6', '12ครั้ง/ปี', '9', 'รายปี', '2016-09-19 14:36:16', 'enable', 'กานต์ชนก', 'ไม่ผ่านเกณฑ์');
INSERT INTO kpi VALUES ('209', '72', '6', '5/5', '2/5', 'รายปี', '2016-09-19 14:36:43', 'enable', 'กานต์ชนก', 'ไม่ผ่านเกณฑ์');
INSERT INTO kpi VALUES ('210', '74', '6', '90-110%', '136', 'รายปี', '2016-09-19 14:37:50', 'enable', 'กานต์ชนก', 'ผ่านเกณฑ์');
INSERT INTO kpi VALUES ('211', '75', '6', '90-110%', '104.97', 'รายปี', '2016-09-19 14:38:59', 'enable', 'กานต์ชนก', 'ผ่านเกณฑ์');
INSERT INTO kpi VALUES ('212', '76', '6', '90-110%', '112.28%', 'รายปี', '2016-11-10 13:00:09', 'enable', 'หทัยรัตน์', 'ผ่านเกณฑ์');
INSERT INTO kpi VALUES ('213', '77', '6', '90-110%', '77.27', 'รายปี', '2016-09-19 14:39:47', 'enable', 'กานต์ชนก', 'ไม่ผ่านเกณฑ์');
INSERT INTO kpi VALUES ('214', '78', '6', '90-110%', '47.25', 'รายปี', '2016-09-19 14:40:16', 'enable', 'กานต์ชนก', 'ไม่ผ่านเกณฑ์');
INSERT INTO kpi VALUES ('215', '79', '6', '0', '0', 'รายปี', '2016-09-19 14:40:50', 'enable', 'กานต์ชนก', 'ผ่านเกณฑ์');
INSERT INTO kpi VALUES ('216', '85', '6', '100%', '100%', 'รายปี', '2016-09-19 14:42:39', 'enable', 'กานต์ชนก', 'ผ่านเกณฑ์');
INSERT INTO kpi VALUES ('217', '90', '6', '≥80%', '76.21', 'รายปี', '2016-11-18 11:12:56', 'enable', 'กานต์ชนก', 'ไม่ผ่านเกณฑ์');
INSERT INTO kpi VALUES ('218', '91', '6', '≥80%', '72.56', 'รายปี', '2016-11-18 11:13:11', 'enable', 'กานต์ชนก', 'ไม่ผ่านเกณฑ์');
INSERT INTO kpi VALUES ('219', '93', '6', 'ลดลงร้อยละ50', 'ลดลงร้อยละ78', 'รายปี', '2016-11-17 11:30:13', 'enable', 'กานต์ชนก', 'ผ่านเกณฑ์');
INSERT INTO kpi VALUES ('220', '95', '6', '90%', '93.30', 'รายปี', '2016-11-16 11:47:14', 'enable', 'กานต์ชนก', 'ผ่านเกณฑ์');
INSERT INTO kpi VALUES ('221', '97', '6', '0', '0', 'รายปี', '2016-09-19 14:48:07', 'enable', 'กานต์ชนก', 'ผ่านเกณฑ์');
INSERT INTO kpi VALUES ('222', '98', '6', '<2%', '0', 'รายปี', '2016-09-19 14:48:36', 'enable', 'กานต์ชนก', 'ผ่านเกณฑ์');
INSERT INTO kpi VALUES ('223', '102', '6', '1000:แสนประชากร', '513.74', 'รายปี', '2016-11-16 11:49:23', 'enable', 'กานต์ชนก', 'ผ่านเกณฑ์');
INSERT INTO kpi VALUES ('224', '103', '6', '0', '0', 'รายปี', '2016-09-19 14:51:57', 'enable', 'กานต์ชนก', 'ผ่านเกณฑ์');
INSERT INTO kpi VALUES ('225', '104', '6', '50:แสนประชากร', '64.22', 'รายปี', '2016-09-19 14:52:37', 'enable', 'กานต์ชนก', 'ไม่ผ่านเกณฑ์');
INSERT INTO kpi VALUES ('226', '105', '6', '0', '0', 'รายปี', '2016-09-19 14:52:59', 'enable', 'กานต์ชนก', 'ผ่านเกณฑ์');
INSERT INTO kpi VALUES ('227', '107', '6', '≥90%', '100%', 'รายปี', '2016-09-19 14:55:02', 'enable', 'กานต์ชนก', 'ผ่านเกณฑ์');
INSERT INTO kpi VALUES ('228', '108', '6', '≥90%', '100%', 'รายปี', '2016-09-19 14:55:25', 'enable', 'กานต์ชนก', 'ผ่านเกณฑ์');
INSERT INTO kpi VALUES ('229', '120', '6', '90%', '88.8', 'รายปี', '2016-09-20 13:33:26', 'enable', 'กานต์ชนก', 'ไม่ผ่านเกณฑ์');
INSERT INTO kpi VALUES ('230', '121', '6', '>80%', '85.5', 'รายปี', '2016-09-19 14:59:49', 'enable', 'กานต์ชนก', 'ผ่านเกณฑ์');
INSERT INTO kpi VALUES ('231', '122', '6', '<10%', '6.25', 'รายปี', '2016-11-16 11:56:26', 'enable', 'กานต์ชนก', 'ผ่านเกณฑ์');
INSERT INTO kpi VALUES ('232', '123', '6', '<5%', '2.6', 'รายปี', '2016-11-16 11:56:57', 'enable', 'กานต์ชนก', 'ผ่านเกณฑ์');
INSERT INTO kpi VALUES ('233', '124', '6', '>20%', '7.17', 'รายปี', '2016-11-16 11:57:48', 'enable', 'กานต์ชนก', 'ไม่ผ่านเกณฑ์');
INSERT INTO kpi VALUES ('234', '125', '6', '>30%', '49.94', 'รายปี', '2016-11-16 11:58:28', 'enable', 'กานต์ชนก', 'ผ่านเกณฑ์');
INSERT INTO kpi VALUES ('235', '81', '6', '0', '0', 'รายปี', '2016-09-19 15:06:36', 'enable', 'กานต์ชนก', 'ผ่านเกณฑ์');
INSERT INTO kpi VALUES ('236', '113', '6', '≥70%', '65.10', 'รายปี', '2016-11-17 12:04:50', 'enable', 'ปวิมล', 'ไม่ผ่านเกณฑ์');
INSERT INTO kpi VALUES ('237', '115', '6', '<10%', '3.56', 'รายปี', '2016-11-08 09:42:16', 'enable', 'กานต์ชนก', 'ผ่านเกณฑ์');
INSERT INTO kpi VALUES ('238', '116', '6', '<10%', '8.99', 'รายปี', '2016-11-18 11:17:48', 'enable', 'กานต์ชนก', 'ผ่านเกณฑ์');
INSERT INTO kpi VALUES ('239', '117', '6', '<10%', '0.18', 'รายปี', '2016-11-08 09:42:56', 'enable', 'กานต์ชนก', 'ผ่านเกณฑ์');
INSERT INTO kpi VALUES ('240', '118', '6', '≥80%', '92.43', 'รายปี', '2016-11-08 09:43:19', 'enable', 'กานต์ชนก', 'ผ่านเกณฑ์');
INSERT INTO kpi VALUES ('241', '119', '6', '≥80%', '84.15', 'รายปี', '2016-11-08 09:43:55', 'enable', 'กานต์ชนก', 'ผ่านเกณฑ์');
INSERT INTO kpi VALUES ('242', '53', '6', '80%', '70.88', 'รายปี', '2016-09-26 10:57:20', 'enable', 'กานต์ชนก', 'ไม่ผ่านเกณฑ์');
INSERT INTO kpi VALUES ('243', '126', '3', 'ไม่เกิน 3 ครั้ง/ต่อปี', '1', 'รายปี', '2016-09-19 16:28:35', 'enable', 'admin', 'ผ่านเกณฑ์');
INSERT INTO kpi VALUES ('244', '126', '4', 'ไม่เกิน 3 ครั้ง/ต่อปี', '0', 'รายปี', '2016-09-19 16:28:55', 'enable', 'admin', 'ผ่านเกณฑ์');
INSERT INTO kpi VALUES ('245', '126', '5', 'ไม่เกิน 3 ครั้ง/ต่อปี', '0', 'รายปี', '2016-09-19 16:29:14', 'enable', 'admin', 'ผ่านเกณฑ์');
INSERT INTO kpi VALUES ('246', '126', '6', '0', '0', 'รายปี', '2016-09-19 16:30:01', 'enable', 'admin', 'ผ่านเกณฑ์');
INSERT INTO kpi VALUES ('247', '127', '3', '0', '1', 'รายปี', '2016-09-21 08:27:09', 'enable', 'admin', 'ไม่ผ่านเกณฑ์');
INSERT INTO kpi VALUES ('248', '127', '4', '0', '0', 'รายปี', '2016-09-21 08:27:22', 'enable', 'admin', 'ผ่านเกณฑ์');
INSERT INTO kpi VALUES ('249', '127', '5', '0', '0', 'รายปี', '2016-09-21 08:27:35', 'enable', 'admin', 'ผ่านเกณฑ์');
INSERT INTO kpi VALUES ('250', '127', '6', '0', '0', 'รายปี', '2016-09-21 08:27:46', 'enable', 'admin', 'ผ่านเกณฑ์');
INSERT INTO kpi VALUES ('251', '128', '3', '0.4-0.6', '0.52', 'รายปี', '2016-09-21 08:28:31', 'enable', 'admin', 'ผ่านเกณฑ์');
INSERT INTO kpi VALUES ('252', '128', '4', '0.4-0.6', '0.49', 'รายปี', '2016-09-21 13:52:59', 'enable', 'admin', 'ผ่านเกณฑ์');
INSERT INTO kpi VALUES ('253', '129', '3', '90', '100', 'รายปี', '2016-09-21 08:29:37', 'enable', 'admin', 'ผ่านเกณฑ์');
INSERT INTO kpi VALUES ('254', '129', '4', '90', '100', 'รายปี', '2016-09-21 08:29:52', 'enable', 'admin', 'ผ่านเกณฑ์');
INSERT INTO kpi VALUES ('255', '130', '3', '80%', '80%', 'รายปี', '2016-09-21 08:31:10', 'enable', 'admin', 'ผ่านเกณฑ์');
INSERT INTO kpi VALUES ('256', '130', '4', '80%', '80%', 'รายปี', '2016-09-21 08:31:03', 'enable', 'admin', 'ผ่านเกณฑ์');
INSERT INTO kpi VALUES ('257', '131', '3', '2 เรื่อง', '1 เรื่อง', 'รายปี', '2016-09-21 13:51:02', 'enable', 'admin', 'ผ่านเกณฑ์');
INSERT INTO kpi VALUES ('258', '131', '4', '1 เรื่อง', '2 เรื่อง', 'รายปี', '2016-09-21 13:50:57', 'enable', 'admin', 'ผ่านเกณฑ์');
INSERT INTO kpi VALUES ('259', '131', '5', '1 เรื่อง', '2 เรื่อง', 'รายปี', '2016-09-21 13:49:50', 'enable', 'admin', 'ผ่านเกณฑ์');
INSERT INTO kpi VALUES ('260', '131', '6', '1 เรื่อง', '2 เรื่อง', 'รายปี', '2016-09-21 08:44:25', 'enable', 'admin', 'ผ่านเกณฑ์');
INSERT INTO kpi VALUES ('261', '128', '5', '0.4-0.6', '0.55', 'รายปี', '2016-09-21 13:53:35', 'enable', 'admin', 'ผ่านเกณฑ์');
INSERT INTO kpi VALUES ('262', '130', '5', '80%', '90%', 'รายปี', '2016-09-21 13:55:15', 'enable', 'admin', 'ผ่านเกณฑ์');
INSERT INTO kpi VALUES ('263', '130', '6', '80%', '90%', 'รายปี', '2016-09-21 13:55:28', 'enable', 'admin', 'ผ่านเกณฑ์');
INSERT INTO kpi VALUES ('264', '129', '5', '90%', '100%', 'รายปี', '2016-09-21 13:56:41', 'enable', 'admin', 'ผ่านเกณฑ์');
INSERT INTO kpi VALUES ('265', '84', '6', '100%', '75%', 'รายปี', '2016-11-08 09:38:48', 'enable', 'กานต์ชนก', 'ไม่ผ่านเกณฑ์');
INSERT INTO kpi VALUES ('266', '100', '6', 'ผ่านเกณฑ์การตรวจสอบ', 'ผ่านเกณฑ์', 'รายปี', '2016-09-26 10:12:28', 'enable', 'กานต์ชนก', 'ผ่านเกณฑ์');
INSERT INTO kpi VALUES ('267', '87', '6', '<1', '0', 'รายปี', '2016-11-18 11:12:37', 'enable', 'กานต์ชนก', 'ผ่านเกณฑ์');
INSERT INTO kpi VALUES ('268', '88', '6', '0', '0', 'รายปี', '2016-09-26 10:31:38', 'enable', 'กานต์ชนก', 'ผ่านเกณฑ์');
INSERT INTO kpi VALUES ('269', '132', '5', '0', '1', 'รายปี', '2016-11-21 22:12:05', 'enable', 'ปวิมล', 'ไม่ผ่านเกณฑ์');
INSERT INTO kpi VALUES ('270', '141', '6', '> ร้อยละ80', '89.8', 'รายปี', '2016-11-22 21:29:02', 'enable', 'ปวิมล', 'ผ่านเกณฑ์');
INSERT INTO kpi VALUES ('271', '133', '4', '<5', ' 0.4', 'รายปี', '2016-11-10 13:10:03', 'enable', 'หทัยรัตน์', 'ผ่านเกณฑ์');
INSERT INTO kpi VALUES ('272', '83', '6', '0', '3.35', 'รายปี', '2016-11-08 09:38:24', 'enable', 'กานต์ชนก', 'ไม่ผ่านเกณฑ์');
INSERT INTO kpi VALUES ('273', '110', '6', '80%', '74.45', 'รายปี', '2016-11-17 11:09:15', 'enable', 'กานต์ชนก', 'ไม่ผ่านเกณฑ์');
INSERT INTO kpi VALUES ('274', '111', '6', '80%', '74.07', 'รายปี', '2016-11-18 11:14:20', 'enable', 'กานต์ชนก', 'ไม่ผ่านเกณฑ์');
INSERT INTO kpi VALUES ('275', '133', '3', '<5', '2.10', 'รายปี', '2016-11-10 13:09:47', 'enable', 'หทัยรัตน์', 'ผ่านเกณฑ์');
INSERT INTO kpi VALUES ('276', '132', '4', '0', '1', 'รายปี', '2016-11-21 22:12:19', 'enable', 'ปวิมล', 'ไม่ผ่านเกณฑ์');
INSERT INTO kpi VALUES ('277', '132', '3', '0', '0', 'รายปี', '2016-11-21 22:12:48', 'enable', 'ปวิมล', 'ผ่านเกณฑ์');
INSERT INTO kpi VALUES ('278', '132', '6', '0', '1', 'รายปี', '2016-11-21 22:11:50', 'enable', 'ปวิมล', 'ไม่ผ่านเกณฑ์');
INSERT INTO kpi VALUES ('279', '133', '5', '<5', '0.60', 'รายปี', '2016-11-10 13:10:34', 'enable', 'หทัยรัตน์', 'ผ่านเกณฑ์');
INSERT INTO kpi VALUES ('280', '133', '6', '<5', '0.76', 'รายปี', '2016-11-10 13:11:09', 'enable', 'หทัยรัตน์', 'ผ่านเกณฑ์');
INSERT INTO kpi VALUES ('281', '134', '2', '<5%', '1.30%', 'รายปี', '2016-11-10 13:14:09', 'enable', 'หทัยรัตน์', 'ผ่านเกณฑ์');
INSERT INTO kpi VALUES ('282', '134', '3', '<5%', '1.50%', 'รายปี', '2016-11-10 13:14:02', 'enable', 'หทัยรัตน์', 'ผ่านเกณฑ์');
INSERT INTO kpi VALUES ('283', '134', '4', '<5%', '1.17%', 'รายปี', '2016-11-10 13:13:50', 'enable', 'หทัยรัตน์', 'ผ่านเกณฑ์');
INSERT INTO kpi VALUES ('284', '134', '5', '<5%', '0.38', 'รายปี', '2016-11-10 13:14:39', 'enable', 'หทัยรัตน์', 'ผ่านเกณฑ์');
INSERT INTO kpi VALUES ('285', '134', '6', '<5%', '1.49%', 'รายปี', '2016-11-21 22:13:30', 'enable', 'ปวิมล', 'ผ่านเกณฑ์');
INSERT INTO kpi VALUES ('286', '135', '2', '<30%', '26.87%', 'รายปี', '2016-11-10 13:16:29', 'enable', 'หทัยรัตน์', 'ผ่านเกณฑ์');
INSERT INTO kpi VALUES ('287', '135', '3', '<30%', '10.84%', 'รายปี', '2016-11-10 13:16:59', 'enable', 'หทัยรัตน์', 'ผ่านเกณฑ์');
INSERT INTO kpi VALUES ('288', '135', '4', '<30%', '20.60%', 'รายปี', '2016-11-10 13:17:58', 'enable', 'หทัยรัตน์', 'ผ่านเกณฑ์');
INSERT INTO kpi VALUES ('289', '135', '5', '<30%', '23.70%', 'รายปี', '2016-11-10 13:18:26', 'enable', 'หทัยรัตน์', 'ผ่านเกณฑ์');
INSERT INTO kpi VALUES ('290', '135', '6', '<30%', '12.31%', 'รายปี', '2016-11-10 13:18:51', 'enable', 'หทัยรัตน์', 'ผ่านเกณฑ์');
INSERT INTO kpi VALUES ('291', '136', '2', '<5%', '4.86%', 'รายปี', '2016-11-10 13:19:56', 'enable', 'หทัยรัตน์', 'ผ่านเกณฑ์');
INSERT INTO kpi VALUES ('292', '136', '3', '<5%', '4.27%', 'รายปี', '2016-11-10 13:20:28', 'enable', 'หทัยรัตน์', 'ผ่านเกณฑ์');
INSERT INTO kpi VALUES ('293', '136', '4', '<5%', '1.90%', 'รายปี', '2016-11-10 21:29:05', 'enable', 'หทัยรัตน์', 'ผ่านเกณฑ์');
INSERT INTO kpi VALUES ('294', '136', '5', '<5%', '2.50%', 'รายปี', '2016-11-10 21:29:37', 'enable', 'หทัยรัตน์', 'ผ่านเกณฑ์');
INSERT INTO kpi VALUES ('295', '136', '6', '<5%', '5.41%', 'รายปี', '2016-11-10 21:30:18', 'enable', 'หทัยรัตน์', 'ไม่ผ่านเกณฑ์');
INSERT INTO kpi VALUES ('296', '137', '5', '<ร้อยละ 25', '35.30', 'รายปี', '2016-11-15 08:45:31', 'enable', 'ปวิมล', 'ไม่ผ่านเกณฑ์');
INSERT INTO kpi VALUES ('297', '138', '3', '0', '1.30', 'รายปี', '2016-11-11 09:56:21', 'enable', 'หทัยรัตน์', 'ไม่ผ่านเกณฑ์');
INSERT INTO kpi VALUES ('298', '138', '4', '0', '0', 'รายปี', '2016-11-11 09:55:57', 'enable', 'หทัยรัตน์', 'ผ่านเกณฑ์');
INSERT INTO kpi VALUES ('299', '138', '5', '0', '0', 'รายปี', '2016-11-11 09:55:52', 'enable', 'หทัยรัตน์', 'ผ่านเกณฑ์');
INSERT INTO kpi VALUES ('300', '138', '6', '0', '0', 'รายปี', '2016-11-11 09:55:45', 'enable', 'หทัยรัตน์', 'ผ่านเกณฑ์');
INSERT INTO kpi VALUES ('301', '139', '3', '80-110', '125', 'รายปี', '2016-11-10 21:35:00', 'enable', 'หทัยรัตน์', 'ผ่านเกณฑ์');
INSERT INTO kpi VALUES ('302', '139', '4', '80-110', '125.02', 'รายปี', '2016-11-10 21:35:22', 'enable', 'หทัยรัตน์', 'ผ่านเกณฑ์');
INSERT INTO kpi VALUES ('303', '139', '5', '80-110', '126.16', 'รายปี', '2016-11-10 21:35:47', 'enable', 'หทัยรัตน์', 'ผ่านเกณฑ์');
INSERT INTO kpi VALUES ('304', '139', '6', '80-110', '112.28', 'รายปี', '2016-11-10 21:36:17', 'enable', 'หทัยรัตน์', 'ผ่านเกณฑ์');
INSERT INTO kpi VALUES ('305', '141', '3', '> ร้อยละ80', '93.30', 'รายปี', '2016-11-22 21:29:28', 'enable', 'ปวิมล', 'ผ่านเกณฑ์');
INSERT INTO kpi VALUES ('306', '141', '4', '> ร้อยละ80', '92.50', 'รายปี', '2016-11-22 21:29:20', 'enable', 'ปวิมล', 'ผ่านเกณฑ์');
INSERT INTO kpi VALUES ('307', '141', '5', '> ร้อยละ80', '75', 'รายปี', '2016-11-22 21:29:13', 'enable', 'ปวิมล', 'ผ่านเกณฑ์');
INSERT INTO kpi VALUES ('308', '142', '6', '0', '0', 'รายปี', '2016-11-17 11:43:26', 'enable', 'กานต์ชนก', 'ผ่านเกณฑ์');
INSERT INTO kpi VALUES ('309', '142', '5', '0', 'แพ้ข้ามกลุ่ม 1 ราย', 'รายปี', '2016-11-17 11:46:37', 'enable', 'กานต์ชนก', 'ไม่ผ่านเกณฑ์');
INSERT INTO kpi VALUES ('310', '142', '4', '0', 'แพ้ยาซ้ำ1ราย/0.001%', 'รายปี', '2016-11-24 11:58:20', 'enable', 'กานต์ชนก', 'ไม่ผ่านเกณฑ์');

-- ----------------------------
-- Table structure for `newyear`
-- ----------------------------
DROP TABLE IF EXISTS `newyear`;
CREATE TABLE `newyear` (
  `id` int(13) NOT NULL AUTO_INCREMENT,
  `name` varchar(50) NOT NULL,
  PRIMARY KEY (`id`)
) ENGINE=InnoDB AUTO_INCREMENT=7 DEFAULT CHARSET=utf8;

-- ----------------------------
-- Records of newyear
-- ----------------------------
INSERT INTO newyear VALUES ('1', '2554');
INSERT INTO newyear VALUES ('2', '2555');
INSERT INTO newyear VALUES ('3', '2556');
INSERT INTO newyear VALUES ('4', '2557');
INSERT INTO newyear VALUES ('5', '2558');
INSERT INTO newyear VALUES ('6', '2559');

-- ----------------------------
-- Table structure for `template`
-- ----------------------------
DROP TABLE IF EXISTS `template`;
CREATE TABLE `template` (
  `id` int(13) NOT NULL AUTO_INCREMENT,
  `department_id` int(13) NOT NULL,
  `title` varchar(255) NOT NULL,
  `template_type_level_id` int(13) DEFAULT NULL,
  `goal` varchar(255) NOT NULL,
  `details` text,
  `type_id` enum('รายปี','รายครึ่งปี','รายไตรมาส','รายเดือน') NOT NULL,
  `template_type_id` int(13) NOT NULL,
  `state` enum('enable','disable') NOT NULL,
  `created` date NOT NULL,
  `orderno` text NOT NULL,
  `family` enum('parent','child','subchild') NOT NULL,
  `content_type` enum('เนื้อหา','หัวข้อ') NOT NULL,
  `template_year` varchar(50) NOT NULL COMMENT 'ใช้เพื่อระบุว่าตัวชี้วัดนี้เป็นตัวชี้วัดของปีไหนบ้าง เพราะถ้าไม่ระบุ เวลาเราต้องการดูตัวชี้วัดย้อนหลัง จะทำให้ปนมั่วไปหมด',
  `image` varchar(255) DEFAULT NULL,
  PRIMARY KEY (`id`)
) ENGINE=InnoDB AUTO_INCREMENT=144 DEFAULT CHARSET=utf8;

-- ----------------------------
-- Records of template
-- ----------------------------
INSERT INTO template VALUES ('43', '1', 'อัตราการตายรวมในโรงพยาบาล ( 1:1000)', '1', '< 1', '', 'รายปี', '1', 'enable', '2016-11-29', 'A001', 'parent', 'เนื้อหา', '', '20161129111156.pdf');
INSERT INTO template VALUES ('44', '1', 'ผู้ป่วยโรคเบาหวาน', '1', '', '', 'รายปี', '1', 'enable', '2016-08-02', 'A002', 'parent', 'หัวข้อ', '', null);
INSERT INTO template VALUES ('45', '1', 'ร้อยละของผู้ป่วยโรคเบาหวานที่มารับการรักษาต่อเนื่อง มีระดับ HbA1C < 7 %', '1', '> 50%', '', 'รายปี', '1', 'enable', '2016-07-13', 'A002.01', 'child', 'เนื้อหา', '', null);
INSERT INTO template VALUES ('46', '1', 'ร้อยละของผู้ป่วยเบาหวานได้รับการตรวจคัดครองภาวะแทรกซ้อนตามเกณฑ์ปีละ 1 ครั้ง', '1', '', '', 'รายปี', '1', 'enable', '2016-08-02', 'A002.02', 'child', 'หัวข้อ', '', null);
INSERT INTO template VALUES ('47', '1', 'การติดตามภาวะแทรกซ้อนทางตา', '1', '80%', '', 'รายปี', '1', 'enable', '2016-07-13', 'A002.02.01', 'subchild', 'เนื้อหา', '', null);
INSERT INTO template VALUES ('48', '1', 'การติดตามภาวะแทรกซ้อนทางไต', '1', '70%', '', 'รายปี', '1', 'enable', '2016-07-13', 'A002.02.02', 'subchild', 'เนื้อหา', '', null);
INSERT INTO template VALUES ('49', '1', 'ได้รับการตรวจเท้าอย่างละเอียด', '1', '60%', '', 'รายปี', '1', 'enable', '2016-07-13', 'A002.02.03', 'subchild', 'เนื้อหา', '', null);
INSERT INTO template VALUES ('50', '1', 'ได้รับการตรวจ Lipid profile', '1', '70%', '', 'รายปี', '1', 'enable', '2016-07-13', 'A002.02.04', 'subchild', 'เนื้อหา', '', null);
INSERT INTO template VALUES ('51', '1', 'ระบบบริการแพทย์แผนไทยและการแพทย์ทางเลือก', '1', '', '', 'รายปี', '1', 'enable', '2016-08-02', 'A003', 'parent', 'หัวข้อ', '', null);
INSERT INTO template VALUES ('52', '1', 'ร้อยละการให้บริการแพทย์แผนไทยและแพทย์ทางเลือก', '1', '14.00', '', 'รายปี', '1', 'enable', '2016-07-13', 'A003.01', 'child', 'เนื้อหา', '', null);
INSERT INTO template VALUES ('53', '1', 'ร้อยละความพึงพอใจของผู้รับบริการในงานบริการผู้ป่วยนอก', '2', '80%', '', 'รายปี', '1', 'enable', '2016-07-13', 'B001', 'parent', 'เนื้อหา', '', null);
INSERT INTO template VALUES ('54', '1', 'ร้อยละความพึงพอใจของผู้รับบริการในงานบริการผู้ป่วยใน', '2', '80%', '', 'รายปี', '1', 'enable', '2016-07-13', 'B002', 'parent', 'เนื้อหา', '', null);
INSERT INTO template VALUES ('55', '1', 'สภาพคล่องการเงิน (Liquidity Ratio) ', '3', '', '', 'รายปี', '1', 'enable', '2016-08-02', 'C001', 'parent', 'หัวข้อ', '', null);
INSERT INTO template VALUES ('56', '1', 'Current Ratio (เท่า)', '3', '≥ 1.5', '', 'รายปี', '1', 'enable', '2016-07-13', 'C001.01', 'child', 'เนื้อหา', '', null);
INSERT INTO template VALUES ('57', '1', 'Ouick Ratio (เท่า)', '3', '≥ 1.5', '', 'รายปี', '1', 'enable', '2016-07-13', 'C001.02', 'child', 'เนื้อหา', '', null);
INSERT INTO template VALUES ('58', '1', 'Cash Ratio (เท่า)', '3', '≥ 1.0', '', 'รายปี', '1', 'enable', '2016-07-13', 'C001.03', 'child', 'เนื้อหา', '', null);
INSERT INTO template VALUES ('59', '1', 'ร้อยละความผูกพันของบุคลากร', '4', '>80%', '', 'รายปี', '1', 'enable', '2016-07-13', 'D001', 'parent', 'เนื้อหา', '', null);
INSERT INTO template VALUES ('60', '1', 'ผลการตรวจสุขภาพที่ผิดปกติ', '4', '<20', '', 'รายปี', '1', 'enable', '2016-07-13', 'D002', 'parent', 'เนื้อหา', '', null);
INSERT INTO template VALUES ('61', '1', 'ระบบบริหารคุณภาพและบริหารความเสี่ยง', '5', '', '', 'รายปี', '1', 'enable', '2016-08-02', 'E001', 'parent', 'หัวข้อ', '', null);
INSERT INTO template VALUES ('62', '1', 'ร้อยละอุบัติการณ์ที่มีความรุนแรงระดับ GHI', '5', '0', '', 'รายปี', '1', 'enable', '2016-07-13', 'E001.01', 'child', 'เนื้อหา', '', null);
INSERT INTO template VALUES ('63', '1', 'การกำกับดูแลด้านวิชาชีพ (ด้านการพยาบาล)', '5', '', '', 'รายปี', '1', 'enable', '2016-08-02', 'E002', 'parent', 'หัวข้อ', '', null);
INSERT INTO template VALUES ('64', '1', 'จำนวนครั้งการประชุมคณะกรรมการบริหารกลุ่มการพยาบาล/ประชุมกลุ่มการพยาบาล', '5', '12 ครั้ง/ปี', '', 'รายปี', '1', 'disable', '2016-07-25', 'E002.01', 'child', 'เนื้อหา', '', null);
INSERT INTO template VALUES ('65', '1', 'จำนวนครั้งในการประชุมในหน่วยงานย่อย', '5', '', '', 'รายปี', '1', 'disable', '2016-08-02', 'E002.02', 'child', 'หัวข้อ', '', null);
INSERT INTO template VALUES ('66', '1', 'งานผู้ป่วยนอก', '5', '12 ครั้ง/ปี', '', 'รายปี', '1', 'disable', '2016-07-25', 'E002.02.01', 'subchild', 'เนื้อหา', '', null);
INSERT INTO template VALUES ('67', '1', 'งานอุบัติเหตุและนิติเวชฯ', '5', '12 ครั้ง/ปี', '', 'รายปี', '1', 'disable', '2016-07-25', 'E002.02.02', 'subchild', 'เนื้อหา', '', null);
INSERT INTO template VALUES ('68', '1', 'งานผู้ป่วยใน', '5', '12 ครั้ง/ปี', '', 'รายปี', '1', 'disable', '2016-07-25', 'E002.02.03', 'subchild', 'เนื้อหา', '', null);
INSERT INTO template VALUES ('69', '1', 'งานห้องคลอด', '5', '12 ครั้ง/ปี', '', 'รายปี', '1', 'disable', '2016-07-25', 'E002.02.04', 'subchild', 'เนื้อหา', '', null);
INSERT INTO template VALUES ('70', '1', 'งานห้องผ่าตัดและวิสัญญีฯ', '5', '12 ครั้ง/ปี', '', 'รายปี', '1', 'disable', '2016-07-25', 'E002.02.05', 'subchild', 'เนื้อหา', '', null);
INSERT INTO template VALUES ('71', '1', 'งานบริการฝากครรภ์', '5', '12 ครั้ง/ปี', '', 'รายปี', '1', 'disable', '2016-07-25', 'E002.02.06', 'subchild', 'เนื้อหา', '', null);
INSERT INTO template VALUES ('72', '1', 'Productivity สัดส่วนอัตรากำลังเหมาะสม', '5', '5/5', '', 'รายปี', '1', 'disable', '2016-07-25', 'E002.03', 'child', 'เนื้อหา', '', null);
INSERT INTO template VALUES ('73', '1', 'Productivity แยกตามงาน', '5', '', '', 'รายปี', '1', 'disable', '2016-08-02', 'E002.04', 'child', 'หัวข้อ', '', null);
INSERT INTO template VALUES ('74', '1', 'งานผู้ป่วยนอก', '5', '90-110 %', '', 'รายปี', '1', 'disable', '2016-07-25', 'E002.04.01', 'subchild', 'เนื้อหา', '', null);
INSERT INTO template VALUES ('75', '1', 'งานอุบัติเหตุและนิติเวชฯ', '5', '90-110 %', '', 'รายปี', '1', 'disable', '2016-07-25', 'E002.04.02', 'subchild', 'เนื้อหา', '', null);
INSERT INTO template VALUES ('76', '1', 'งานผู้ป่วยใน', '5', '90-110 %', '', 'รายปี', '1', 'disable', '2016-07-25', 'E002.04.03', 'subchild', 'เนื้อหา', '', null);
INSERT INTO template VALUES ('77', '1', 'งานห้องคลอด', '5', '90-110 %', '', 'รายปี', '1', 'disable', '2016-07-25', 'E002.04.04', 'subchild', 'เนื้อหา', '', null);
INSERT INTO template VALUES ('78', '1', 'งานบริการฝากครรภ์', '5', '90-110 %', '', 'รายปี', '1', 'disable', '2016-07-25', 'E002.04.05', 'subchild', 'เนื้อหา', '', null);
INSERT INTO template VALUES ('79', '1', 'จำนวนข้อร้องเรียนเรื่องจริยธรรม/จรรยาบรรณวิชาชีพ', '5', '0', '', 'รายปี', '1', 'enable', '2016-07-13', 'E002.05', 'child', 'เนื้อหา', '', null);
INSERT INTO template VALUES ('80', '1', 'การกำกับดูแลวิชาชีพ (ด้านการแพทย์)', '5', '', '', 'รายปี', '1', 'enable', '2016-08-02', 'E003', 'parent', 'หัวข้อ', '', null);
INSERT INTO template VALUES ('81', '1', 'จำนวนข้อร้องเรียนเกี่ยวกับจริยธรรมวิชาชีพแพทย์', '5', '0', '', 'รายปี', '1', 'enable', '2016-07-13', 'E003.01', 'child', 'เนื้อหา', '', null);
INSERT INTO template VALUES ('82', '1', 'สิ่งแวดล้อมในการดูแลผู้ป่วย', '5', '', '', 'รายปี', '1', 'enable', '2016-08-02', 'E004', 'parent', 'หัวข้อ', '', null);
INSERT INTO template VALUES ('83', '1', 'ร้อยละของเครื่องมือที่มีความเสี่ยงสูงสอบเทียบไม่ผ่านมาตรฐาน', '5', '0', '', 'รายปี', '1', 'enable', '2016-07-13', 'E004.01', 'child', 'เนื้อหา', '', null);
INSERT INTO template VALUES ('84', '1', 'คุณภาพน้ำทิ้งผ่านเกณฑ์มาตรฐาน', '5', '100 %', '', 'รายปี', '1', 'enable', '2016-07-13', 'E004.02', 'child', 'เนื้อหา', '', null);
INSERT INTO template VALUES ('85', '1', 'ร้อยละของจำนวนครั้งการตรวจคุณภาพน้ำทิ้งผ่านในแต่ละปี', '5', '100 %', '', 'รายปี', '1', 'enable', '2016-07-13', 'E004.03', 'child', 'เนื้อหา', '', null);
INSERT INTO template VALUES ('86', '1', 'การป้องกันและควบคุมการติดเชื้อในโรงพยาบาล', '5', '', '', 'รายปี', '1', 'enable', '2016-08-02', 'E005', 'parent', 'หัวข้อ', '', null);
INSERT INTO template VALUES ('87', '1', 'อัตราการติดเชื้อในโรงพยาบาล :1,000 วันนอน', '5', '<1', '', 'รายปี', '1', 'enable', '2016-07-13', 'E005.01', 'child', 'เนื้อหา', '', null);
INSERT INTO template VALUES ('88', '1', 'จำนวนบุคลากรการติดเชื้อจากการปฏิบัติงาน', '5', '0', '', 'รายปี', '1', 'enable', '2016-07-13', 'E005.02', 'child', 'เนื้อหา', '', null);
INSERT INTO template VALUES ('89', '1', 'ระบบเวชระเบียน', '5', '', '', 'รายปี', '1', 'enable', '2016-08-02', 'E006', 'parent', 'หัวข้อ', '', null);
INSERT INTO template VALUES ('90', '1', 'อัตราความสมบูรณ์ของเวชระเบียนผู้ป่วยนอก', '5', '>80%', '', 'รายปี', '1', 'enable', '2016-07-13', 'E006.01', 'child', 'เนื้อหา', '', null);
INSERT INTO template VALUES ('91', '1', 'อัตราความสมบูรณ์ของเวชระเบียนผู้ป่วยใน', '5', '>80%', '', 'รายปี', '1', 'enable', '2016-07-13', 'E006.02', 'child', 'เนื้อหา', '', null);
INSERT INTO template VALUES ('92', '1', 'ระบบยา', '5', '', '', 'รายปี', '1', 'enable', '2016-08-02', 'E007', 'parent', 'หัวข้อ', '', null);
INSERT INTO template VALUES ('93', '1', 'อัตราการเกิดความเคลื่อนทางยาระดับ E ขึ้นไป', '5', 'ลดลงร้อยละ 50', '', 'รายปี', '1', 'enable', '2016-07-13', 'E007.01', 'child', 'เนื้อหา', '', null);
INSERT INTO template VALUES ('94', '1', 'ระบบบริการตรวจทางห้องปฏิบัติการ', '5', '', '', 'รายปี', '1', 'enable', '2016-08-02', 'E008.01', 'parent', 'หัวข้อ', '', null);
INSERT INTO template VALUES ('95', '1', 'ร้อยละของผลประเมินคุณภาพโดยองค์กรภายนอก EQA ผ่านเกณฑ์มาตรฐาน', '5', '90 %', '', 'รายปี', '1', 'enable', '2016-07-13', 'E008.01.01', 'child', 'เนื้อหา', '', null);
INSERT INTO template VALUES ('96', '1', 'ระบบบริการโลหิต', '5', '', '', 'รายปี', '1', 'enable', '2016-08-02', 'E008.02', 'parent', 'หัวข้อ', '', null);
INSERT INTO template VALUES ('97', '1', 'จำนวนครั้งการให้เลือดผิดหมู่', '5', '0', '', 'รายปี', '1', 'enable', '2016-07-13', 'E008.02.01', 'child', 'เนื้อหา', '', null);
INSERT INTO template VALUES ('98', '1', 'อัตราการเกิดปฏิกิริยาจากการให้เลือด', '5', '< 2 %', '', 'รายปี', '1', 'enable', '2016-07-13', 'E008.02.02', 'child', 'เนื้อหา', '', null);
INSERT INTO template VALUES ('99', '1', 'ระบบบริการตรวจทางรังสีวิทยา', '5', '', '', 'รายปี', '1', 'enable', '2016-08-02', 'E008.03', 'parent', 'หัวข้อ', '', null);
INSERT INTO template VALUES ('100', '1', 'เครื่องมือทางรังสี+เครื่องล้างฟิล์มอัตโนมัติได้รับการสอบเทียบตามแผนและได้รับรองมาตรฐาน', '5', 'ผ่านเกณฑ์การตรวจสอบ', '', 'รายปี', '1', 'enable', '2016-07-13', 'E008.03.01', 'child', 'เนื้อหา', '', null);
INSERT INTO template VALUES ('101', '1', 'ระบบการเฝ้าระวังโรคและภัยสุขภาพ', '5', '', '', 'รายปี', '1', 'enable', '2016-08-02', 'E009', 'parent', 'หัวข้อ', '', null);
INSERT INTO template VALUES ('102', '1', 'อัตราป่วยด้วยโรคอุจจาระร่วง', '5', '1,000:แสนประชากร', '', 'รายปี', '1', 'enable', '2016-07-13', 'E009.01', 'child', 'เนื้อหา', '', null);
INSERT INTO template VALUES ('103', '1', 'อัตราตายของผู้ป่วยโรคอุจจาระร่วง', '5', '0', '', 'รายปี', '1', 'disable', '2016-11-17', 'E009.02', 'child', 'เนื้อหา', '', null);
INSERT INTO template VALUES ('104', '1', 'อัตราป่วยด้วยโรคไข้เลือดออก', '5', '50:แสนประชากร', '', 'รายปี', '1', 'enable', '2016-07-13', 'E009.03', 'child', 'เนื้อหา', '', null);
INSERT INTO template VALUES ('105', '1', 'ร้อยละของจำนวนครั้งพบผู้ป่วยไข้เลือดออก second generation', '5', '0', '', 'รายปี', '1', 'disable', '2016-11-17', 'E009.04', 'child', 'เนื้อหา', '', null);
INSERT INTO template VALUES ('106', '1', 'การทำงานกับชุมชน', '5', '', '', 'รายปี', '1', 'enable', '2016-08-02', 'E010', 'parent', 'หัวข้อ', '', null);
INSERT INTO template VALUES ('107', '1', 'ร้อยละการตอบสนองต่อความต้องการชุมชนโดยชุมชนเอง', '5', '≥90 %', '', 'รายปี', '1', 'enable', '2016-07-13', 'E010.01', 'child', 'เนื้อหา', '', null);
INSERT INTO template VALUES ('108', '1', 'ร้อยละการตอบสนองต่อความต้องการชุมชนโดย จนท.สาธารณสุข', '5', '≥90 %', '', 'รายปี', '1', 'enable', '2016-08-02', 'E010.02', 'child', 'เนื้อหา', '', null);
INSERT INTO template VALUES ('109', '1', 'ผลด้านการนำ', '6', '', '', 'รายปี', '1', 'enable', '2016-08-02', 'F001', 'parent', 'หัวข้อ', '', null);
INSERT INTO template VALUES ('110', '1', 'ความเชื่อมั่นในผู้นำระดับสูงและการกำกับดูแล', '6', '80%', '', 'รายปี', '1', 'enable', '2016-07-13', 'F001.01', 'child', 'เนื้อหา', '', null);
INSERT INTO template VALUES ('111', '1', 'การบรรลุผลตามกลยุทธ์และแผนปฏิบัติการ', '6', '80%', '', 'รายปี', '1', 'enable', '2016-07-13', 'F001.02', 'child', 'เนื้อหา', '', null);
INSERT INTO template VALUES ('112', '1', 'ผลการสร้างเสริมสุขภาพ', '7', '', '', 'รายปี', '1', 'enable', '2016-08-02', 'G001', 'parent', 'หัวข้อ', '', null);
INSERT INTO template VALUES ('113', '1', 'ร้อยละของบุคลากรที่มีผลการตรวจสุขภาพปกติ', '7', '≥70%', '', 'รายปี', '1', 'enable', '2016-07-13', 'G001.01', 'child', 'เนื้อหา', '', null);
INSERT INTO template VALUES ('114', '1', 'ร้อยละการเกิดภาวะแทรกซ้อนในผู้ป่วยเบาหวาน', '7', '', '', 'รายปี', '1', 'enable', '2016-07-13', 'G001.02', 'child', 'เนื้อหา', '', null);
INSERT INTO template VALUES ('115', '1', 'ผู้ป่วยเบาหวานเกิดภาวะแทรกซ้อนทางตา', '7', '< 10%', '', 'รายปี', '1', 'enable', '2016-07-13', 'G001.02.01', 'subchild', 'เนื้อหา', '', null);
INSERT INTO template VALUES ('116', '1', 'ผู้ป่วยเบาหวานเกิดภาวะแทรกซ้อนทางไต', '7', '< 10%', '', 'รายปี', '1', 'enable', '2016-07-13', 'G001.02.02', 'subchild', 'เนื้อหา', '', null);
INSERT INTO template VALUES ('117', '1', 'ผู้ป่วยเบาหวานเกิดภาวะแทรกซ้อนทางเท้า', '7', '< 10%', '', 'รายปี', '1', 'enable', '2016-07-13', 'G001.02.03', 'subchild', 'เนื้อหา', '', null);
INSERT INTO template VALUES ('118', '1', 'อัตราการมาตรวจตามนัดของผู้ป่วย DM', '7', '≥80%', '', 'รายปี', '1', 'enable', '2016-07-13', 'G001.03', 'child', 'เนื้อหา', '', null);
INSERT INTO template VALUES ('119', '1', 'อัตราการมาตรวจตามนัดของผู้ป่วย HT', '7', '≥80%', '', 'รายปี', '1', 'enable', '2016-07-13', 'G001.04', 'child', 'เนื้อหา', '', null);
INSERT INTO template VALUES ('120', '1', 'ร้อยละของภาวะโภชนาการในเด็กอายุ0-5ปีปกติ', '7', '90%', '', 'รายปี', '1', 'enable', '2016-07-13', 'G001.05', 'child', 'เนื้อหา', '', null);
INSERT INTO template VALUES ('121', '1', 'ร้อยละของพัฒนาการสมวัยในเด็กอายุ0-5ปี', '7', '> 85%', '', 'รายปี', '1', 'enable', '2016-07-13', 'G001.06', 'child', 'เนื้อหา', '', null);
INSERT INTO template VALUES ('122', '1', 'ร้อยละของหญิงตั้งครรภ์อายุน้อยกว่า 20 ปี', '7', '< 10%', '', 'รายปี', '1', 'enable', '2016-07-13', 'G001.07', 'child', 'เนื้อหา', '', null);
INSERT INTO template VALUES ('123', '1', 'ร้อยละของประชากรกลุ่มเสี่ยงโรคเบาหวานเป็นกลุ่มป่วย (BS <126%)', '7', '< 5%', '', 'รายปี', '1', 'enable', '2016-07-13', 'G001.08', 'child', 'เนื้อหา', '', null);
INSERT INTO template VALUES ('124', '1', 'ร้อยละของการคัดกรองมะเร็งปากมดลูกในหญิงวัยเจริญพันธ์อายุ 30-60 ปี', '7', '> 20%', '', 'รายปี', '1', 'enable', '2016-07-13', 'G001.09', 'child', 'เนื้อหา', '', null);
INSERT INTO template VALUES ('125', '1', 'ร้อยละของผู้สูงอายุที่มีสุขภาพอนามัยที่พึงประสงค์ (ด้านกาย, จิตใจ, ฟันและการช่วยเหลือตัวเองได้)', '7', '>30%', '', 'รายปี', '1', 'enable', '2016-07-13', 'G001.10', 'child', 'เนื้อหา', '', null);
INSERT INTO template VALUES ('126', '2', 'จำนวนครั้งที่ไม่สามารถเข้าถึงระบบฐานข้อมูลในโรงพยาบาล', null, 'ไม่เกิน 3ครั้ง/ปี', '', 'รายปี', '2', 'enable', '2016-11-29', 'IM001', 'parent', 'เนื้อหา', '', '20161129101131.pdf');
INSERT INTO template VALUES ('127', '2', 'จำนวนครั้งที่ไม่สามารถกู้คืนระบบเครือข่ายคอมพิวเตอร์ภายใน 60 นาที', null, '0', '', 'รายปี', '2', 'enable', '2016-09-19', 'IM002', 'parent', 'เนื้อหา', '', null);
INSERT INTO template VALUES ('128', '2', 'ค่า CMI: Case Mixed Index', null, '0.4-0.6', '', 'รายปี', '2', 'enable', '2016-09-19', 'IM003', 'parent', 'เนื้อหา', '', null);
INSERT INTO template VALUES ('129', '2', 'อัตราการส่งข้อมูลส่วนกลางทันเวลา (%)', null, '90%', '', 'รายปี', '2', 'enable', '2016-09-19', 'IM004', 'parent', 'เนื้อหา', '', null);
INSERT INTO template VALUES ('130', '2', 'อัตราการตอบสนอบต่อรายงานสารสนเทศจากผู้ใช้ (%)', null, '80%', '', 'รายปี', '2', 'enable', '2016-09-19', 'IM005', 'parent', 'เนื้อหา', '', null);
INSERT INTO template VALUES ('131', '2', 'การนำความรู้มาออกแบบระบบงาน/สร้างนวัตกรรม', null, '1 เรื่อง/ปี', '', 'รายปี', '2', 'enable', '2016-09-19', 'IM006', 'parent', 'เนื้อหา', '', null);
INSERT INTO template VALUES ('132', '3', 'จำนวนการเกิดอุบัติการณ์การเกิดพลัดตกหกล้ม', null, '', '', 'รายปี', '3', 'enable', '2016-10-26', 'Ward001', 'parent', 'เนื้อหา', '', null);
INSERT INTO template VALUES ('133', '3', 'อัตราการ Re-Admit ของผู้ป่วย Diarrhea', null, '', '', 'รายปี', '3', 'enable', '2016-10-26', 'Ward002', 'parent', 'เนื้อหา', '', null);
INSERT INTO template VALUES ('134', '3', 'อัตราการ Re-Admit ของผู้ป่วย DM ที่มีภาวะ Hypoglycemia', null, '', '', 'รายปี', '3', 'enable', '2016-10-26', 'Ward003', 'parent', 'เนื้อหา', '', null);
INSERT INTO template VALUES ('135', '3', 'อัตราการ Re-Admit ของผู้ป่วย COPD น้อยกว่า 30%', null, '<30%', '', 'รายปี', '3', 'enable', '2016-10-26', 'Ward004', 'parent', 'เนื้อหา', '', null);
INSERT INTO template VALUES ('136', '3', 'อัตราการ Re-Admit ทั้งหมดน้อยกว่า 5%', null, '<5%', '', 'รายปี', '3', 'enable', '2016-10-26', 'Ward005', 'parent', 'เนื้อหา', '', null);
INSERT INTO template VALUES ('137', '3', 'อัตราการเกิด Septic Shock ในผู้ป่วย Sepsis ไม่เกิน ร้อยละ 25', null, 'ไม่เกินร้อยละ  25', '', 'รายปี', '3', 'enable', '2016-10-26', 'Ward006', 'parent', 'เนื้อหา', '', null);
INSERT INTO template VALUES ('138', '3', 'อัตราการเกิดภาวะ Shock ในผู้ป่วยโรคไข้เลือดออก DHF', null, '', '', 'รายปี', '3', 'enable', '2016-10-26', 'Ward007', 'parent', 'เนื้อหา', '', null);
INSERT INTO template VALUES ('139', '3', 'Productivity ในงานผู้ป่วยใน (80-110)', null, '80-110', '', 'รายปี', '3', 'enable', '2016-10-26', 'Ward008', 'parent', 'เนื้อหา', '', null);
INSERT INTO template VALUES ('140', '3', 'ระยะเวลาตั้งแต่มีอาการจนถึงการส่งต่อไม่เกิน 45นาที ในผู้ป่วย MI', null, '', '', 'รายปี', '3', 'enable', '2016-10-26', 'Ward009', 'parent', 'เนื้อหา', '', null);
INSERT INTO template VALUES ('141', '3', 'ร้อยละของความพึงพอใจ', null, '', '', 'รายปี', '3', 'enable', '2016-10-26', 'Ward010', 'parent', 'เนื้อหา', '', null);
INSERT INTO template VALUES ('142', '1', 'อัตราการเกิดแพ้ยาซ้ำ / แพ้ข้ามกลุ่ม   ', '5', '0', '', 'รายปี', '1', 'enable', '2016-11-17', 'E007.02', 'child', 'เนื้อหา', '', null);

-- ----------------------------
-- Table structure for `template_type`
-- ----------------------------
DROP TABLE IF EXISTS `template_type`;
CREATE TABLE `template_type` (
  `id` int(13) NOT NULL AUTO_INCREMENT,
  `name` varchar(255) NOT NULL,
  `state` enum('enable','disable') NOT NULL,
  PRIMARY KEY (`id`)
) ENGINE=InnoDB AUTO_INCREMENT=4 DEFAULT CHARSET=utf8;

-- ----------------------------
-- Records of template_type
-- ----------------------------
INSERT INTO template_type VALUES ('1', 'ตัวชี้วัดโรงพยาบาล', 'enable');
INSERT INTO template_type VALUES ('2', 'ตัวชี้วัดทีม', 'enable');
INSERT INTO template_type VALUES ('3', 'ตัวชี้วัดหน่วยงาน', 'enable');

-- ----------------------------
-- Table structure for `template_type_level`
-- ----------------------------
DROP TABLE IF EXISTS `template_type_level`;
CREATE TABLE `template_type_level` (
  `id` int(13) NOT NULL AUTO_INCREMENT,
  `name` varchar(255) NOT NULL,
  `bcolor` varchar(255) DEFAULT NULL,
  PRIMARY KEY (`id`)
) ENGINE=InnoDB AUTO_INCREMENT=8 DEFAULT CHARSET=utf8;

-- ----------------------------
-- Records of template_type_level
-- ----------------------------
INSERT INTO template_type_level VALUES ('1', '1.ผลด้านการดูแลผู้ป่วย', 'label-default');
INSERT INTO template_type_level VALUES ('2', '2.ผลด้านการมุ่งเน้นของผู้ป่วยและผู้รับผลงานอื่น', 'label-primary');
INSERT INTO template_type_level VALUES ('3', '3.ผลด้านการเงิน', 'label-success');
INSERT INTO template_type_level VALUES ('4', '4.ผลด้านทรัพยากรบุคคล', 'label-info');
INSERT INTO template_type_level VALUES ('5', '5.ผลด้านระบบงานและกระบวนการสำคัญ', 'label-warning');
INSERT INTO template_type_level VALUES ('6', '6.ผลด้านการนำองค์กร', 'label-danger');
INSERT INTO template_type_level VALUES ('7', '7.ผลด้านการสร้างเสริมสุขภาพ', 'label-success');

-- ----------------------------
-- Table structure for `user`
-- ----------------------------
DROP TABLE IF EXISTS `user`;
CREATE TABLE `user` (
  `id` int(11) NOT NULL AUTO_INCREMENT,
  `fullname` varchar(250) NOT NULL,
  `username` varchar(250) NOT NULL DEFAULT '',
  `password` text NOT NULL,
  `created` date NOT NULL,
  `type` enum('admin','user') NOT NULL COMMENT 'ประเภทผู้ใช้งาน',
  `status` enum('ปิดใช้งาน','เปิดใช้งาน') NOT NULL COMMENT 'สถานะการใช้งาน',
  `department_id` varchar(50) NOT NULL,
  PRIMARY KEY (`id`),
  KEY `name` (`fullname`)
) ENGINE=InnoDB AUTO_INCREMENT=255 DEFAULT CHARSET=tis620;

-- ----------------------------
-- Records of user
-- ----------------------------
INSERT INTO user VALUES ('1', 'นางสาวสายวสันติ์  จีนชูแก้ว', 'account', 'e268443e43d93dab7ebef303bbe9642f', '2016-07-01', 'user', 'เปิดใช้งาน', '');
INSERT INTO user VALUES ('2', 'จีระยุทธ ปิ่นสุวรรณ', 'admin', 'd6a6bc0db10694a2d90e3a69648f3a03', '2016-07-05', 'admin', 'เปิดใช้งาน', '1');
INSERT INTO user VALUES ('3', 'พญ.วิชุดา เบ็ญจพันธุ์', 'amm', '4de754248c196c85ee4fbdcee89179bd', '2016-07-01', 'user', 'เปิดใช้งาน', '');
INSERT INTO user VALUES ('4', 'นพ.อนันต์ พรมาตา', 'anan', '63e62e141c89f160f6b0f2dc14fbefa0', '2016-07-01', 'user', 'เปิดใช้งาน', '');
INSERT INTO user VALUES ('5', 'ฝากครรภ์และวางแผนครอบครัว', 'anc', '0b05a0d8cd79e3897c794d8cf89c3207', '2016-07-01', 'user', 'เปิดใช้งาน', '');
INSERT INTO user VALUES ('6', 'นางอรวรรณ  ซ่อนกลิ่น', 'arrawan', '202cb962ac59075b964b07152d234b70', '2016-07-01', 'user', 'เปิดใช้งาน', '');
INSERT INTO user VALUES ('7', 'พญ.พิมพ์พรรณ พิสุทธิ์ศาล', 'boom', '547b85f3fafdf30856386753dc21c4e1', '2016-07-01', 'user', 'เปิดใช้งาน', '');
INSERT INTO user VALUES ('8', 'นางธัญญาลักษณ์ บุรีรัตน์', 'dent', '3bbb792975c29cea031830bf867a8c6b', '2016-07-01', 'user', 'เปิดใช้งาน', '');
INSERT INTO user VALUES ('9', 'คลินิกเบาหวานและความดันโลหิตสูง', 'DMHT', 'c5b16029d17d10444eafdbc9b4834b1a', '2016-07-01', 'user', 'เปิดใช้งาน', '');
INSERT INTO user VALUES ('10', 'พญ.จิดานันท์ ธำรงเวียงผึ้ง', 'doctor', '81dc9bdb52d04dc20036dbd8313ed055', '2016-07-01', 'user', 'เปิดใช้งาน', '');
INSERT INTO user VALUES ('11', 'กันตภณ ตรงกมลชัย', 'doctor23', '81dc9bdb52d04dc20036dbd8313ed055', '2016-07-01', 'user', 'เปิดใช้งาน', '');
INSERT INTO user VALUES ('12', 'พญ.ใหม่  เลาหสุขเกษม', 'doctor25', '81dc9bdb52d04dc20036dbd8313ed055', '2016-07-01', 'user', 'เปิดใช้งาน', '');
INSERT INTO user VALUES ('13', 'พญ.บุญมณี  คงแก้ว', 'doctor26', '81dc9bdb52d04dc20036dbd8313ed055', '2016-07-01', 'user', 'เปิดใช้งาน', '');
INSERT INTO user VALUES ('14', 'นพ.ภูมิธพัฒน์  มายุศิริ', 'doctor27', '81dc9bdb52d04dc20036dbd8313ed055', '2016-07-01', 'user', 'เปิดใช้งาน', '');
INSERT INTO user VALUES ('15', 'นพ.ณุกานต์  กาญจนประดิษฐ์', 'doctor28', '81dc9bdb52d04dc20036dbd8313ed055', '2016-07-01', 'user', 'เปิดใช้งาน', '');
INSERT INTO user VALUES ('16', 'พญ.ภานุรัตน์  เชื้อเย็น', 'doctor29', '81dc9bdb52d04dc20036dbd8313ed055', '2016-07-01', 'user', 'เปิดใช้งาน', '');
INSERT INTO user VALUES ('17', 'พญ.ปฐมา  กิตติสุวรรณ์', 'doctor30', '81dc9bdb52d04dc20036dbd8313ed055', '2016-07-01', 'user', 'เปิดใช้งาน', '');
INSERT INTO user VALUES ('18', 'พญ.พิมพ์ชนก  เลาหบุตร', 'doctor31', '669e40b854e5ed89bc374e62800f507d', '2016-07-01', 'user', 'เปิดใช้งาน', '');
INSERT INTO user VALUES ('19', 'พญ.ภัฐธีรา  ลิ้มบรรเจิดกุล', 'doctor32', '81dc9bdb52d04dc20036dbd8313ed055', '2016-07-01', 'user', 'เปิดใช้งาน', '');
INSERT INTO user VALUES ('20', 'นพ.หฤษฎ์  ตันนุกิจ', 'doctor33', '81dc9bdb52d04dc20036dbd8313ed055', '2016-07-01', 'user', 'เปิดใช้งาน', '');
INSERT INTO user VALUES ('21', 'พญ.ภัทรัตน์ เชื้อสุวรรณ์', 'doctor51', '6074c6aa3488f3c2dddff2a7ca821aab', '2016-07-01', 'user', 'เปิดใช้งาน', '');
INSERT INTO user VALUES ('22', 'นางวีรยา สมบูรณ์', 'donut', '5ad5bff3d2c193bdf3a7bc10b7be9963', '2016-07-01', 'user', 'เปิดใช้งาน', '');
INSERT INTO user VALUES ('23', 'แพทย์หญิงวิไลพันธ์  ทวีรัตน์ศิลป์', 'dr01', 'd74e7bb994b3526dea55ef596895acc8', '2016-07-01', 'user', 'เปิดใช้งาน', '');
INSERT INTO user VALUES ('24', 'พญ.ดุษฎี  ฉัตรภูมิ', 'dudsadee', '9f2c5e862d6e7a18b9ca755f4d75a7ca', '2016-07-01', 'user', 'เปิดใช้งาน', '');
INSERT INTO user VALUES ('25', 'งานห้องฉุกเฉิน', 'er', '818f9c45cfa30eeff277ef38bcbe9910', '2016-07-01', 'user', 'เปิดใช้งาน', '');
INSERT INTO user VALUES ('26', 'ทพ.ญ.ชมพูนุท  อุยสุย', 'fon', '06924651e359592af9bfb2463635d2a1', '2016-07-01', 'user', 'เปิดใช้งาน', '');
INSERT INTO user VALUES ('27', 'นพ.กฤตภิษัช ไม้ทองงาม', 'good', '9824f9c1543628a85bb51d2dd6fcf8a3', '2016-07-01', 'user', 'เปิดใช้งาน', '');
INSERT INTO user VALUES ('28', 'พญ.กรกนก  นราวีรวุฒิ', 'jaa', '92fde850d824c2ba9b563cb6fa4078c3', '2016-07-01', 'user', 'เปิดใช้งาน', '');
INSERT INTO user VALUES ('29', 'จีระยุทธ ปิ่นสุวรรณ', 'jeerayuth', '88d8d67f25b01b2aebcfc9892b7d1559', '2016-07-01', 'user', 'เปิดใช้งาน', '');
INSERT INTO user VALUES ('30', 'นางสาวจินตนา  มีสุขสวัสดิ์', 'jintana', '81dc9bdb52d04dc20036dbd8313ed055', '2016-07-01', 'user', 'เปิดใช้งาน', '');
INSERT INTO user VALUES ('31', 'นางจิรารัตน์  โรยนรินทร์', 'jirarat', '81dc9bdb52d04dc20036dbd8313ed055', '2016-07-01', 'user', 'เปิดใช้งาน', '');
INSERT INTO user VALUES ('32', 'นางสาวกรรณิกา  แก้วเพ็ชร', 'ka', '2c68e1d50809e4ae357bcffe1fc99d2a', '2016-07-01', 'user', 'เปิดใช้งาน', '');
INSERT INTO user VALUES ('33', 'พญ.กัญจน์อมล ธนเพิ่มพูล', 'kanamol', '1d62cd3b9ae77d904dd513e9fe43c9cc', '2016-07-01', 'user', 'เปิดใช้งาน', '');
INSERT INTO user VALUES ('34', 'นางสาวกาญจนา จีนสีคง', 'kanjana', 'c1f735aeb572b05b80c4411d18d51cd5', '2016-07-01', 'user', 'เปิดใช้งาน', '');
INSERT INTO user VALUES ('35', 'นายกิตติศักดิ์   ศรีใสพัฒนกุล', 'kittisuk', '653d653420916e9ede16cb51a67b0d1b', '2016-07-01', 'user', 'เปิดใช้งาน', '');
INSERT INTO user VALUES ('36', 'พญ.กุลวดี  แหวนดวงเด่น', 'kun', 'b59c67bf196a4758191e42f76670ceba', '2016-07-01', 'user', 'เปิดใช้งาน', '');
INSERT INTO user VALUES ('37', 'พญ.มนัชญา เจษฎาไกรสร', 'kung', '36cd4f3073c7e54858990eb201c7ccd6', '2016-07-01', 'user', 'เปิดใช้งาน', '');
INSERT INTO user VALUES ('38', 'นางกัญญา  ศรีใสพัฒนกุล', 'kunya', '0c52acbe83a819b2e0bdddc41654a37a', '2016-07-01', 'user', 'เปิดใช้งาน', '');
INSERT INTO user VALUES ('39', 'LAB', 'lab', 'f9664ea1803311b35f81d07d8c9e072d', '2016-07-01', 'user', 'เปิดใช้งาน', '');
INSERT INTO user VALUES ('40', 'นางพะเยาว์  ภักดีคง', 'LR', 'e15c05ebb01125dd997b1d46965ab92e', '2016-07-01', 'user', 'เปิดใช้งาน', '');
INSERT INTO user VALUES ('41', 'นางสาวลักขณา เพชรรอด', 'lukkana', '81dc9bdb52d04dc20036dbd8313ed055', '2016-07-01', 'user', 'เปิดใช้งาน', '');
INSERT INTO user VALUES ('42', 'พญ.แสงระวี อรุโณทัย', 'mai', '4594ecbf9e567c3b75488953d07aeead', '2016-07-01', 'user', 'เปิดใช้งาน', '');
INSERT INTO user VALUES ('43', 'พญ.ปานหทัย  หุตะจูฑะ', 'maiparn', '81dc9bdb52d04dc20036dbd8313ed055', '2016-07-01', 'user', 'เปิดใช้งาน', '');
INSERT INTO user VALUES ('44', 'ทพ.ญ.ปรียาภรณ์  ผนวกสุข', 'maistitchy', '2290a7385ed77cc5592dc2153229f082', '2016-07-01', 'user', 'เปิดใช้งาน', '');
INSERT INTO user VALUES ('45', 'พญ.ปัณฑิตา  อุตรสฤษฏิกุล', 'mew', '7bb060764a818184ebb1cc0d43d382aa', '2016-07-01', 'user', 'เปิดใช้งาน', '');
INSERT INTO user VALUES ('46', 'นายทศพล  บุรีรัตน์', 'nack', '81dc9bdb52d04dc20036dbd8313ed055', '2016-07-01', 'user', 'เปิดใช้งาน', '');
INSERT INTO user VALUES ('47', 'พญ.น้ำทิพย์  สังสันไทย', 'namthip', '81dc9bdb52d04dc20036dbd8313ed055', '2016-07-01', 'user', 'เปิดใช้งาน', '');
INSERT INTO user VALUES ('48', 'นางสาวนันท์นลิน  นิลประเสริฐ', 'nannalin', '0746d0395591705501f75f8532498fd9', '2016-07-01', 'user', 'เปิดใช้งาน', '');
INSERT INTO user VALUES ('49', 'นางสาวนิตยา คำสอน', 'natty', 'b4b03767149463b39ff2270adc638aff', '2016-07-01', 'user', 'เปิดใช้งาน', '');
INSERT INTO user VALUES ('50', 'นิติรัฐ  ฤกษ์รัตนวารี', 'niti', 'f7b897b914302b827b21041b728dd980', '2016-07-01', 'user', 'เปิดใช้งาน', '');
INSERT INTO user VALUES ('51', 'นางสาวนุจรีย์  หนูภักดี', 'noodjaree', '709de060c41486aa7293e4ef08bacbdd', '2016-07-01', 'user', 'เปิดใช้งาน', '');
INSERT INTO user VALUES ('52', 'นพ.ณัฐภัทร  สรรเพชร', 'nuttapat', '769996a3d81cb53080146aaa8cb7bb79', '2016-07-01', 'user', 'เปิดใช้งาน', '');
INSERT INTO user VALUES ('53', 'นางวลัยลักษณ์  เพ็งแก้ว', 'oil', '81dc9bdb52d04dc20036dbd8313ed055', '2016-07-01', 'user', 'เปิดใช้งาน', '');
INSERT INTO user VALUES ('54', 'นางสาวอรอุมา  มีแก้ว', 'onouma', '8a4f58a3fd65e8110d4050c1cb0495a0', '2016-07-01', 'user', 'เปิดใช้งาน', '');
INSERT INTO user VALUES ('55', 'admin', 'pao', '655ae040aec1d7f78d790580c5ac37ab', '2016-07-01', 'user', 'เปิดใช้งาน', '');
INSERT INTO user VALUES ('56', 'นางสาวปาริชาติ  ชูทอง', 'parichat', '41e100cd7aa1b5d4ad4efd3f97ed2bb3', '2016-07-01', 'user', 'เปิดใช้งาน', '');
INSERT INTO user VALUES ('57', 'เวชปฏิบัติครอบครัวและชุมชน', 'pcu', '127ddf1f6cfc65b4e98463b8f76cf654', '2016-07-01', 'user', 'เปิดใช้งาน', '');
INSERT INTO user VALUES ('58', 'วาริท', 'peenpeen', 'f7235a61fdc3adc78d866fd8085d44db', '2016-07-01', 'user', 'เปิดใช้งาน', '');
INSERT INTO user VALUES ('59', 'นพ.พีรธัช สมภพโภคาเศรษฐ์', 'peet', 'c4492cbe90fbdbf88a5aec486aa81ed5', '2016-07-01', 'user', 'เปิดใช้งาน', '');
INSERT INTO user VALUES ('60', 'ทพ.ญ.กัลยาณี  ตั้งประเสริฐ', 'pik', 'dbc629890bc0cd17e1b4f49c8631ac9a', '2016-07-01', 'user', 'เปิดใช้งาน', '');
INSERT INTO user VALUES ('61', 'นายพรศักดิ์ สมบูรณ์', 'pornsak', '2b45c629e577731c4df84fc34f936a89', '2016-07-01', 'user', 'เปิดใช้งาน', '');
INSERT INTO user VALUES ('62', 'ภทรมน ช่วยเต็ม', 'psy', '30f54cbe2cabf23173198caaad89e7b9', '2016-07-01', 'user', 'เปิดใช้งาน', '');
INSERT INTO user VALUES ('63', 'พญ.ภรณี ปัญญวัฒนกิจ', 'pun', 'e950d3a08eed4467ba0ab10120a83a65', '2016-07-01', 'user', 'เปิดใช้งาน', '');
INSERT INTO user VALUES ('64', 'น.ส.พุทธิดา  รอดศรี', 'puttida', '8b2c3cad9ec3ef68d31a0d0328504795', '2016-07-01', 'user', 'เปิดใช้งาน', '');
INSERT INTO user VALUES ('65', 'จินตนา รัตนะ', 'rattana', 'c59b469d724f7919b7d35514184fdc0f', '2016-07-01', 'user', 'เปิดใช้งาน', '');
INSERT INTO user VALUES ('66', 'นางชนัญชิตา ธรรมนารักษ์', 'riam', '81dc9bdb52d04dc20036dbd8313ed055', '2016-07-01', 'user', 'เปิดใช้งาน', '');
INSERT INTO user VALUES ('67', 'ทพ.นิธินันท์  ถิรพงษ์ไพศาล', 'sam35', '5538bb154ef5173910af465222c130dd', '2016-07-01', 'user', 'เปิดใช้งาน', '');
INSERT INTO user VALUES ('68', 'น.ส.สุพิชฌาย์  คงรุ่ง', 'sao', 'aa775adcc8fd8c791126cd320c6cfdb0', '2016-07-01', 'user', 'เปิดใช้งาน', '');
INSERT INTO user VALUES ('69', 'สารีย์ เลี่ยมทอง', 'saree', '3a4bc565a4835306782bd160bbd91644', '2016-07-01', 'user', 'เปิดใช้งาน', '');
INSERT INTO user VALUES ('70', 'นางสาริณี ชูมนต์', 'sarinee', 'f6bf3033e07aaeae5d91f43cd2c6e9ea', '2016-07-01', 'user', 'เปิดใช้งาน', '');
INSERT INTO user VALUES ('71', 'นางพรธิมา  จอสูงเนิน', 'screen', '599eba19aa93a929cb8589f148b8a6c4', '2016-07-01', 'user', 'เปิดใช้งาน', '');
INSERT INTO user VALUES ('72', 'สยาม   รามคล้าย', 'siam', 'f78f2477e949bee2d12a2c540fb6084f', '2016-07-01', 'user', 'เปิดใช้งาน', '');
INSERT INTO user VALUES ('73', 'น.ส.ศิโรรัตน์  ช่วยเกิด', 'siro', 'ccfaf1622fd4129b9b0c9dca64e81dff', '2016-07-01', 'user', 'เปิดใช้งาน', '');
INSERT INTO user VALUES ('74', 'นพ.ทรงเกียรติ  อยู่คง', 'songkiat', '81dc9bdb52d04dc20036dbd8313ed055', '2016-07-01', 'user', 'เปิดใช้งาน', '');
INSERT INTO user VALUES ('75', 'นางสุพัตรา  สุวรรณเนาว์', 'supattra', 'e17f42238faebca29779360f7a92057f', '2016-07-01', 'user', 'เปิดใช้งาน', '');
INSERT INTO user VALUES ('76', 'นายสุทธเนตร  เพ็งทะลุง', 'sutanad', '827ccb0eea8a706c4c34a16891f84e7b', '2016-07-01', 'user', 'เปิดใช้งาน', '');
INSERT INTO user VALUES ('77', 'นางทัศน์ลักษณ์  ธนพิทักษ์', 'tadsalak', '9407c826d8e3c07ad37cb2d13d1cb641', '2016-07-01', 'user', 'เปิดใช้งาน', '');
INSERT INTO user VALUES ('78', 'ศิริวรรณ โตพุนพิน', 'tang', '87db92494758df7d0f0a4f39162a48f4', '2016-07-01', 'user', 'เปิดใช้งาน', '');
INSERT INTO user VALUES ('79', 'น.ส.รติพร  วิรุณพันธุ์', 'tangmo', '4e4e53aa080247bc31d0eb4e7aeb07a0', '2016-07-01', 'user', 'เปิดใช้งาน', '');
INSERT INTO user VALUES ('80', 'นายแพทย์ธีรวัฒน์  ปิยพสุนทรา', 'Tee', '72b8ade48bd53ac615b67923ece11593', '2016-07-01', 'user', 'เปิดใช้งาน', '');
INSERT INTO user VALUES ('81', 'นพ.ธรรมวิทย์ สุนทรรักษ์', 'thammavit', '89309269bb6055a4da91f2517ac3874b', '2016-07-01', 'user', 'เปิดใช้งาน', '');
INSERT INTO user VALUES ('82', 'นางสาวธิดารัตน์  วิเศษศิริ', 'tidarat', 'cb74ed4b61bc9b383227483ee03862d6', '2016-07-01', 'user', 'เปิดใช้งาน', '');
INSERT INTO user VALUES ('83', 'แพทย์หญิงกานต์ธิตา  อุไพศิลป์สถาพร', 'Tonggy', '81dc9bdb52d04dc20036dbd8313ed055', '2016-07-01', 'user', 'เปิดใช้งาน', '');
INSERT INTO user VALUES ('84', 'แพทย์หญิงสุดฤทัย  รัตนโอภาส', 'toon', '---', '2016-07-01', 'user', 'เปิดใช้งาน', '');
INSERT INTO user VALUES ('85', 'นางณศธร  แซ่หลิม', 'ttm', '897d3217598a39a704a14d3579996abf', '2016-07-01', 'user', 'เปิดใช้งาน', '');
INSERT INTO user VALUES ('86', 'นายสมโชค แบนเพชร', 'TU', 'b6b4ce6df035dcfaa26f3bc32fb89e6a', '2016-07-01', 'user', 'เปิดใช้งาน', '1');
INSERT INTO user VALUES ('87', 'นางสาววรรณิภา  ชุมทอง', 'wannipa', '5eecd545b6373beaeb67834bc228ce25', '2016-07-01', 'user', 'เปิดใช้งาน', '');
INSERT INTO user VALUES ('88', 'นางสาววรรณสว่าง  ปานมณี', 'wansawang', '4de754248c196c85ee4fbdcee89179bd', '2016-07-01', 'user', 'เปิดใช้งาน', '');
INSERT INTO user VALUES ('89', 'พยาบาลIPD', 'ward', '49ddafa93b4052e15e041a43d4343fda', '2016-07-01', 'user', 'เปิดใช้งาน', '');
INSERT INTO user VALUES ('90', 'นางสาววารีรัตน์  เอี่ยมสอาด', 'wareerat', 'f3086a19f261ac92f72997538aeec807', '2016-07-01', 'user', 'เปิดใช้งาน', '');
INSERT INTO user VALUES ('91', 'งานส่งเสริมสุขภาพ', 'wbc', '631923851297ee00701f440c58dc90cb', '2016-07-01', 'user', 'เปิดใช้งาน', '');
INSERT INTO user VALUES ('92', 'แพทย์หญิงวิไลพันธ์ ทวีรัตนศิลป์', 'wilai', 'c5af0543407a6e8ba11db6a69f792014', '2016-07-01', 'user', 'เปิดใช้งาน', '');
INSERT INTO user VALUES ('93', 'นพ.วุฒิคุณ คุณวุฒิ', 'wuttikhun', '5cf1e318a802b4c7c51d53a0ed79eaf8', '2016-07-01', 'user', 'เปิดใช้งาน', '');
INSERT INTO user VALUES ('94', 'นางสาวฐิติพร  ศรีสุวรรณ', 'xray', '32599e5387251a477e16894dca7417bf', '2016-07-01', 'user', 'เปิดใช้งาน', '');
INSERT INTO user VALUES ('95', 'นายกรดิษฐ์  จันทรศร', 'กรดิษฐ์', '3cc697419ea18cc98d525999665cb94a', '2016-07-01', 'user', 'เปิดใช้งาน', '');
INSERT INTO user VALUES ('96', 'นางสาวกรรณิกา  แสนบุญศรี', 'กรรณิกา', '---', '2016-07-01', 'user', 'เปิดใช้งาน', '');
INSERT INTO user VALUES ('97', 'นางกัญญา  ศรีใสพัฒนกุล', 'กัญญา', '---', '2016-07-01', 'user', 'เปิดใช้งาน', '');
INSERT INTO user VALUES ('98', 'นางศุจิกา แก้วเพ็ชร', 'กาญจนา', 'b44ee0ab83bc959c9075bafe5003ca2d', '2016-07-01', 'user', 'เปิดใช้งาน', '');
INSERT INTO user VALUES ('99', 'นางสาวกาญดา  บุญมา', 'กาญดา', 'f66ab6622f77b51a545fcd07df5cccb7', '2016-07-01', 'user', 'เปิดใช้งาน', '');
INSERT INTO user VALUES ('100', 'นางกาญดา  คงสนิท', 'กาญดาคงสนิท', '---', '2016-07-01', 'user', 'เปิดใช้งาน', '');
INSERT INTO user VALUES ('101', 'นางสาวกานต์ชนก  ศุภมาตร์', 'กานต์ชนก', '81dc9bdb52d04dc20036dbd8313ed055', '2016-07-01', 'admin', 'เปิดใช้งาน', '');
INSERT INTO user VALUES ('102', 'นางสาวกิจติยา  สมกานดา', 'กิจติยา', '234833147b97bb6aed53a8f4f1c7a7d8', '2016-07-01', 'user', 'เปิดใช้งาน', '');
INSERT INTO user VALUES ('103', 'นางกุลจิรา  จิตตะประพันธ์', 'กุลจิรา', '68d7fe6778ac9e354fd339a50b1fa20c', '2016-07-01', 'user', 'เปิดใช้งาน', '');
INSERT INTO user VALUES ('104', 'นางกุหลาบ  หลิมวัฒนา', 'กุหลาบ', '49ddafa93b4052e15e041a43d4343fda', '2016-07-01', 'user', 'เปิดใช้งาน', '');
INSERT INTO user VALUES ('105', 'นายเกรียงศักดิ์  ศศิสนธิ์', 'เกรียงศักดิ์', '02d4d8435c1856791cc08176a551852c', '2016-07-01', 'user', 'เปิดใช้งาน', '');
INSERT INTO user VALUES ('106', 'นางสาวขวัญใจ  หวานจันทร์', 'ขวัญใจ', '---', '2016-07-01', 'user', 'เปิดใช้งาน', '');
INSERT INTO user VALUES ('107', 'นายคำพงษ์  ศรีพรหม', 'คำพงษ์', '9e7ad4a2f3c55aa3acd6457c1078ac89', '2016-07-01', 'user', 'เปิดใช้งาน', '');
INSERT INTO user VALUES ('108', 'นายจริม  วงศ์เสรีพิพัฒนา', 'จริม', '81dc9bdb52d04dc20036dbd8313ed055', '2016-07-01', 'user', 'เปิดใช้งาน', '');
INSERT INTO user VALUES ('109', 'นางจริยา สุวรรณรัตน์', 'จริยา', '5a907fa748ace7870f2e329925f62b18', '2016-07-01', 'user', 'เปิดใช้งาน', '');
INSERT INTO user VALUES ('110', 'นางจันทร์จิรา  ปลอดพยันต์', 'จันทร์จิรา', '2b21d9d8f81c6e564c84ef0bfa94aa5c', '2016-07-01', 'user', 'เปิดใช้งาน', '');
INSERT INTO user VALUES ('111', 'นางสาวจันทรา  กองจันทร์', 'จันทรา', '21a46e32b8a289fe386530e28971c3c1', '2016-07-01', 'user', 'เปิดใช้งาน', '');
INSERT INTO user VALUES ('112', 'นายจำนงค์  บุรีรัตน์', 'จำนงค์', '6e82873a32b95af115de1c414a1849cb', '2016-07-01', 'user', 'เปิดใช้งาน', '');
INSERT INTO user VALUES ('113', 'นางสาวจินตนา  แก้วม่วง', 'จินตนา', 'd7f4be9d064bac5fd42207b3d7efe102', '2016-07-01', 'user', 'เปิดใช้งาน', '');
INSERT INTO user VALUES ('114', 'นางสาวจิราพรรณ  บังเกิดผล', 'จิราพรรณ', '---', '2016-07-01', 'user', 'เปิดใช้งาน', '');
INSERT INTO user VALUES ('115', 'นางจิราวรรณ  พรหมชาติ', 'จิราวรรณ', 'e6949611b754200335ee5b1948a69ec3', '2016-07-01', 'user', 'เปิดใช้งาน', '');
INSERT INTO user VALUES ('116', 'นางสาวจิลลาภัทร  ทองธานี', 'จิลลาภัทร', 'f9664ea1803311b35f81d07d8c9e072d', '2016-07-01', 'user', 'เปิดใช้งาน', '');
INSERT INTO user VALUES ('117', 'นางจีรนันท์ หล่อเพชร', 'จีรนันท์', 'd836b5cf3a80c8e527e95f962c16a32a', '2016-07-01', 'user', 'เปิดใช้งาน', '');
INSERT INTO user VALUES ('118', 'นางสาวจีราวรรณ ขวัญรุย', 'จีราวรรณ', '27e937946a84656efe7a5a2107bdbc2b', '2016-07-01', 'user', 'เปิดใช้งาน', '');
INSERT INTO user VALUES ('119', 'นางสาวจุฑามาศ  จีนศรีคง', 'จุฑามาศ', '84fed58e4cf1cdb288576a1f94045247', '2016-07-01', 'user', 'เปิดใช้งาน', '');
INSERT INTO user VALUES ('120', 'นางจุไรรัตน์  เวียนขนาน', 'จุไรรัตน์', '49ddafa93b4052e15e041a43d4343fda', '2016-07-01', 'user', 'เปิดใช้งาน', '');
INSERT INTO user VALUES ('121', 'นางฉลาด  บุญสิน', 'ฉลาด', '674f3c2c1a8a6f90461e8a66fb5550ba', '2016-07-01', 'user', 'เปิดใช้งาน', '');
INSERT INTO user VALUES ('122', 'นางสาวฉวีวรรณ  หนุนภักดี', 'ฉวีวรรณ', 'f9664ea1803311b35f81d07d8c9e072d', '2016-07-01', 'user', 'เปิดใช้งาน', '');
INSERT INTO user VALUES ('123', 'นางสาวฐิติพร  ศรีสุวรรณ', 'ฐิติพร', '32599e5387251a477e16894dca7417bf', '2016-07-01', 'user', 'เปิดใช้งาน', '');
INSERT INTO user VALUES ('124', 'นางณัฐธยาน์  ครุฑราชา', 'ณัฐธยาน์', '7fad2978c1342063744532e82e949802', '2016-07-01', 'user', 'เปิดใช้งาน', '');
INSERT INTO user VALUES ('125', 'พญ.ณิชา  ทัศน์ชาญชัย', 'ณิชา', '81dc9bdb52d04dc20036dbd8313ed055', '2016-07-01', 'user', 'เปิดใช้งาน', '');
INSERT INTO user VALUES ('126', 'นางณิชากร เพิ่มพรสกุล', 'ณิชากร', '81dc9bdb52d04dc20036dbd8313ed055', '2016-07-01', 'user', 'เปิดใช้งาน', '');
INSERT INTO user VALUES ('127', 'นางดวงแข จุลถาวร', 'ดวงแข', '49ddafa93b4052e15e041a43d4343fda', '2016-07-01', 'user', 'เปิดใช้งาน', '');
INSERT INTO user VALUES ('128', 'นางดวงนภา  ถึงเสียบญวน', 'ดวงนภา', '7ab437d3d5f430016818804807399a76', '2016-07-01', 'user', 'เปิดใช้งาน', '');
INSERT INTO user VALUES ('129', 'นายถนอม  มณีนวล', 'ถนอม', '---', '2016-07-01', 'user', 'เปิดใช้งาน', '');
INSERT INTO user VALUES ('130', 'นายทนง  เดี่ยววาณิชย์', 'ทนง', 'a383d162a97be62a400e00c320eae9c7', '2016-07-01', 'user', 'เปิดใช้งาน', '');
INSERT INTO user VALUES ('131', 'นายทนงศักดิ์  ศรีใสพัฒนกุล', 'ทรงศักดิ์', '---', '2016-07-01', 'user', 'เปิดใช้งาน', '');
INSERT INTO user VALUES ('132', 'นายธนูทอง  พันธุ์ทอง', 'ธนูทอง', 'd5bcc4ac34d90cc11bd64b7476d1f641', '2016-07-01', 'user', 'เปิดใช้งาน', '');
INSERT INTO user VALUES ('133', 'เภสัชกรธวัชชัย  ห้วยห้อง', 'ธวัชชัย', '735a50006ef92c03a0e5159345b95772', '2016-07-01', 'user', 'เปิดใช้งาน', '');
INSERT INTO user VALUES ('134', 'ธัญญะ ธรรมนารักษ์', 'ธัญญะ', 'a6d259bfbfa2062843ef543e21d7ec8e', '2016-07-01', 'user', 'เปิดใช้งาน', '');
INSERT INTO user VALUES ('135', 'นายธัญเทพ  เตชะกัมพลสารกิจ', 'ธัญเทพ', 'f490c742cd8318b8ee6dca10af2a163f', '2016-07-01', 'user', 'เปิดใช้งาน', '');
INSERT INTO user VALUES ('136', 'ธันรดา บัวชาวเกาะ', 'ธันรดา', 'fe82b139ca53d076bc0e16c9d58f865a', '2016-07-01', 'user', 'เปิดใช้งาน', '');
INSERT INTO user VALUES ('137', 'นางสาวนพรัตน์  ชลชลา', 'นพรัตน์', 'a5aad544b38a088b35b395645efe0d61', '2016-07-01', 'user', 'เปิดใช้งาน', '');
INSERT INTO user VALUES ('138', 'นางนัทธมน สมพร', 'นัทธมน', '12205ec97f9ec9b5b692045f6f0fa20c', '2016-07-01', 'user', 'เปิดใช้งาน', '');
INSERT INTO user VALUES ('139', 'นางสาวน้ำทิพย์  พุทธิเลิศ', 'น้ำทิพย์', 'dcc38e8bde9c42e38cb365b38e86bc18', '2016-07-01', 'user', 'เปิดใช้งาน', '');
INSERT INTO user VALUES ('140', 'นางสาวนิชติญา  มุสิก', 'นิชติญา', '49ddafa93b4052e15e041a43d4343fda', '2016-07-01', 'user', 'เปิดใช้งาน', '');
INSERT INTO user VALUES ('141', 'นางสาวนิชนันท์  นาเลิง', 'นิชนันท์', 'ced159835b38ccd23d9ef349b30f10d1', '2016-07-01', 'user', 'เปิดใช้งาน', '');
INSERT INTO user VALUES ('142', 'นางนิดาริวดี  พันธุ์ทอง', 'นิดาริวดี', '26b6c7105997a81744fc7fcb6a283d1e', '2016-07-01', 'user', 'เปิดใช้งาน', '');
INSERT INTO user VALUES ('143', 'นางนิธิกานต์  กีสาวัน', 'นิธิกานต์', '81dc9bdb52d04dc20036dbd8313ed055', '2016-07-01', 'user', 'เปิดใช้งาน', '');
INSERT INTO user VALUES ('144', 'นางนิพา  ร่มแก้ว', 'นิพา', '79d20fe88522d138a43384e8df12386a', '2016-07-01', 'user', 'เปิดใช้งาน', '');
INSERT INTO user VALUES ('145', 'นางนิภา  ฉิมพลีศิริ', 'นิภา', 'f670ef5d2d6bdf8f29450a970494dd64', '2016-07-01', 'user', 'เปิดใช้งาน', '');
INSERT INTO user VALUES ('146', 'นายนิรณุช  มณีฉาย', 'นิรณุช', '0e3a37aa85a14e359df74fa77eded3f6', '2016-07-01', 'user', 'เปิดใช้งาน', '');
INSERT INTO user VALUES ('147', 'พญ.นิสา เนตรจรัสแสง', 'นิสา', '5fad30428811fe378fd389cd7659a33c', '2016-07-01', 'user', 'เปิดใช้งาน', '');
INSERT INTO user VALUES ('148', 'พญ.บงกช เมฆพัฒนกุล', 'บงกช', 'fa7f08233358e9b466effa1328168527', '2016-07-01', 'user', 'เปิดใช้งาน', '');
INSERT INTO user VALUES ('149', 'นางสาวบุญรัตน์  รักราวี', 'บุญรัตน์', '132d6c1408f2492456848667346b54b6', '2016-07-01', 'user', 'เปิดใช้งาน', '');
INSERT INTO user VALUES ('150', 'นางสาวเบญจวรรณ  มีสถิตย์', 'เบญจวรรณ', '82ca5dd156cc926b2992f73c2896f761', '2016-07-01', 'user', 'เปิดใช้งาน', '');
INSERT INTO user VALUES ('151', 'นายประนต  ครุฑราชา', 'ประนต', '81dc9bdb52d04dc20036dbd8313ed055', '2016-07-01', 'user', 'เปิดใช้งาน', '');
INSERT INTO user VALUES ('152', 'นางประภา  รุ่งบุญคง', 'ประภา', '81dc9bdb52d04dc20036dbd8313ed055', '2016-07-01', 'user', 'เปิดใช้งาน', '');
INSERT INTO user VALUES ('153', 'นายประมวล  สุขนคร', 'ประมวล', '006ef06e3b2569312f1def88c97b1370', '2016-07-01', 'user', 'เปิดใช้งาน', '');
INSERT INTO user VALUES ('154', 'นางปราณี ทิพย์อักษร', 'ปราณี', '921c2dc40d0b979c2910298d2f880152', '2016-07-01', 'user', 'เปิดใช้งาน', '');
INSERT INTO user VALUES ('155', 'นางปวิมล  ลิ้มสุทธาวรพงศ์', 'ปวิมล', 'b35d1d344827d671fcee6f15698e3844', '2016-07-01', 'user', 'เปิดใช้งาน', '');
INSERT INTO user VALUES ('156', 'นางสาวปัทมา  คงบุญรักษ์', 'ปัทมา', 'b706835de79a2b4e80506f582af3676a', '2016-07-01', 'user', 'เปิดใช้งาน', '');
INSERT INTO user VALUES ('157', 'นางปัธมา  โนนพลกรัง', 'ปัธมา', '2fc42e15946c7d88c3edadca3df26e2f', '2016-07-01', 'user', 'เปิดใช้งาน', '');
INSERT INTO user VALUES ('158', 'นางปาณิศา  สังข์สิงห์', 'ปาณิศา', 'c5dc3e08849bec07e33ca353de62ea04', '2016-07-01', 'user', 'เปิดใช้งาน', '');
INSERT INTO user VALUES ('159', 'ปาริชาติ พิสุทธิขุนภักดี', 'ปาริชาติ', 'f4223da94ed97b1aa99046b0957343f7', '2016-07-01', 'user', 'เปิดใช้งาน', '');
INSERT INTO user VALUES ('160', 'นางปิยกุล  รอดทองดี', 'ปิยกุล', 'e136974574e41ad6ed8f0581960e9925', '2016-07-01', 'user', 'เปิดใช้งาน', '');
INSERT INTO user VALUES ('161', 'น.ส.ผกามาศ  โกฎเพชร', 'ผกามาศ', '1680829293f2a8541efa2647a0290f88', '2016-07-01', 'user', 'เปิดใช้งาน', '');
INSERT INTO user VALUES ('162', 'นายพจนเวทย์  ภัยนิคม', 'พจนเวทย์', '---', '2016-07-01', 'user', 'เปิดใช้งาน', '');
INSERT INTO user VALUES ('163', 'พรธิมา จอสูงเนิน', 'พรธิมา', 'bf1cb22a1a3f12004426e6e365746a05', '2016-07-01', 'user', 'เปิดใช้งาน', '');
INSERT INTO user VALUES ('164', 'นายพรศักดิ์ สมบูรณ์', 'พรศักดิ์', 'dc63dbc8b5d9d871a6d0480b970dc8e7', '2016-07-01', 'user', 'เปิดใช้งาน', '');
INSERT INTO user VALUES ('165', 'นพ.พหล พิระภิญโญ', 'พหล', '698d51a19d8a121ce581499d7b701668', '2016-07-01', 'user', 'เปิดใช้งาน', '');
INSERT INTO user VALUES ('166', 'นางพัชรีย์  มาเมือง', 'พัชรีย์', '15b493ee5aa9ece5b7492e7d7300b282', '2016-07-01', 'user', 'เปิดใช้งาน', '');
INSERT INTO user VALUES ('167', 'นางสาวพัทธนันท์ นิสภา', 'พัทธนันท์', 'f8b932c70d0b2e6bf071729a4fa68dfc', '2016-07-01', 'user', 'เปิดใช้งาน', '');
INSERT INTO user VALUES ('168', 'นางสาวพิกุลพร  ยิ่งสกุล', 'พิกุลพร', '5cd5058bca53951ffa7801bcdf421651', '2016-07-01', 'user', 'เปิดใช้งาน', '');
INSERT INTO user VALUES ('169', 'นางสาวเพ็ญศิริ  นิลบางพระ', 'เพ็ญศิริ', '9207e2590989dd6350f305fb835ccc20', '2016-07-01', 'user', 'เปิดใช้งาน', '');
INSERT INTO user VALUES ('170', 'พญ.ภัทรพร  เลขะกะ', 'ภัทรพร', 'be1a8715d1da90a406002077f01305c1', '2016-07-01', 'user', 'เปิดใช้งาน', '');
INSERT INTO user VALUES ('171', 'นางสาวภูศิลักษณ์  พิทักษ์วงศ์', 'ภูศิลักษณ์', 'ef8b5fcc338e003145ac9c134754db71', '2016-07-01', 'user', 'เปิดใช้งาน', '');
INSERT INTO user VALUES ('172', 'นายมณเฑียร  เผือกสวัสดิ์', 'มณเฑียร', '4928e7510f45da6575b04a28519c09ed', '2016-07-01', 'user', 'เปิดใช้งาน', '');
INSERT INTO user VALUES ('173', 'พญ.มิตรธิกานต์ จาละ', 'มิตรธิกานต์', '81dc9bdb52d04dc20036dbd8313ed055', '2016-07-01', 'user', 'เปิดใช้งาน', '');
INSERT INTO user VALUES ('174', 'นางสาวรัชณี  จันทเดช', 'รัชณี', 'be6c5347746fae91bd02a52a114ee14f', '2016-07-01', 'user', 'เปิดใช้งาน', '');
INSERT INTO user VALUES ('175', 'นางสาวรัชดา  มณีแดง', 'รัชดา', '7fc3ee9aad33036cc501b2ca7c163fc1', '2016-07-01', 'user', 'เปิดใช้งาน', '');
INSERT INTO user VALUES ('176', 'นางรัตนา  ภู่รุ่งเจริญ', 'รัตนา', '189e3f782cbb3f4cc1ae9702adca884e', '2016-07-01', 'user', 'เปิดใช้งาน', '');
INSERT INTO user VALUES ('177', 'นางสาวรัตมณี  เซียวตระกูล', 'รัตมณี', '50905d7b2216bfeccb5b41016357176b', '2016-07-01', 'user', 'เปิดใช้งาน', '');
INSERT INTO user VALUES ('178', 'นางฤทัย  ชาญพลรบ', 'ฤทัย', '81dc9bdb52d04dc20036dbd8313ed055', '2016-07-01', 'user', 'เปิดใช้งาน', '');
INSERT INTO user VALUES ('179', 'นางลดาวัลย์  แซ่เฮ่า', 'ลดาวัลย์', '81dc9bdb52d04dc20036dbd8313ed055', '2016-07-01', 'user', 'เปิดใช้งาน', '');
INSERT INTO user VALUES ('180', 'แลป ธนบุรี', 'แลปธนบุรี', '81dc9bdb52d04dc20036dbd8313ed055', '2016-07-01', 'user', 'เปิดใช้งาน', '');
INSERT INTO user VALUES ('181', 'แลปพลัสวัน', 'แลปพลัสวัน', '81dc9bdb52d04dc20036dbd8313ed055', '2016-07-01', 'user', 'เปิดใช้งาน', '');
INSERT INTO user VALUES ('182', 'แลป รพ.ชุมพร', 'แลปรพ.ชุมพร', '81dc9bdb52d04dc20036dbd8313ed055', '2016-07-01', 'user', 'เปิดใช้งาน', '');
INSERT INTO user VALUES ('183', 'แลปสถาบันพยาธิ', 'แลปสถาบันพยาธิ', 'be6c5347746fae91bd02a52a114ee14f', '2016-07-01', 'user', 'เปิดใช้งาน', '');
INSERT INTO user VALUES ('184', 'นางวชิรา  แซ่โง้ย', 'วชิรา', '766d856ef1a6b02f93d894415e6bfa0e', '2016-07-01', 'user', 'เปิดใช้งาน', '');
INSERT INTO user VALUES ('185', 'นางสาววนิดา  นิ่มกูล', 'วนิดา', '438105ffd1d0821d6c40c746a38454ec', '2016-07-01', 'user', 'เปิดใช้งาน', '');
INSERT INTO user VALUES ('186', 'นางวลัยลักษณ์ เพ็งแก้ว', 'วลัยลักษณ์', 'c5af0543407a6e8ba11db6a69f792014', '2016-07-01', 'user', 'เปิดใช้งาน', '');
INSERT INTO user VALUES ('187', 'นางวัชรินทร์  ชัยศิริ', 'วัชรินทร์', 'a6155b0da06d1ad154ad2d039d1fadf4', '2016-07-01', 'user', 'เปิดใช้งาน', '');
INSERT INTO user VALUES ('188', 'นางวาสนา  สังขวิจิตร', 'วาสนา', 'bbfb4d8633f6fe45aeea28a6a3eaabe9', '2016-07-01', 'user', 'เปิดใช้งาน', '');
INSERT INTO user VALUES ('189', 'นางวาสนา ขันสมาน', 'วาสนา1', '831caa1b600f852b7844499430ecac17', '2016-07-01', 'user', 'เปิดใช้งาน', '');
INSERT INTO user VALUES ('190', 'พญ.วิภัทรา  ไชยวิโน', 'วิภัทรา', '80471dc9984a7af4a57a1db62dd24951', '2016-07-01', 'user', 'เปิดใช้งาน', '');
INSERT INTO user VALUES ('191', 'นางวิภารัตน์  ทองธานี', 'วิภารัตน์', 'e136974574e41ad6ed8f0581960e9925', '2016-07-01', 'user', 'เปิดใช้งาน', '');
INSERT INTO user VALUES ('192', 'นางสาววิลาวัลย์  แก้วจินดา', 'วิลาวัลย์', 'f8b932c70d0b2e6bf071729a4fa68dfc', '2016-07-01', 'user', 'เปิดใช้งาน', '');
INSERT INTO user VALUES ('193', 'นายศรทอง  มณีนวล', 'ศรทอง', '---', '2016-07-01', 'user', 'เปิดใช้งาน', '');
INSERT INTO user VALUES ('194', 'นางณศธร  โรจนารัตน์', 'ศศิธร', '8a267223a8635f5e7348cd0d01c3bb3c', '2016-07-01', 'user', 'เปิดใช้งาน', '');
INSERT INTO user VALUES ('195', 'พญ.ศศิธร  ศรีสุวรรณ', 'ศศิธร1', 'b0f55e872a8b6a838d48bc96b64e86b9', '2016-07-01', 'user', 'เปิดใช้งาน', '');
INSERT INTO user VALUES ('196', 'นางสาวศันสนา  หนูทองแก้ว', 'ศันสนา', 'd7f4be9d064bac5fd42207b3d7efe102', '2016-07-01', 'user', 'เปิดใช้งาน', '');
INSERT INTO user VALUES ('197', 'นางสาวศิริกร  พลายชุม', 'ศิริกร', 'd3b0dc95e2196ffe4237622c71fc3369', '2016-07-01', 'user', 'เปิดใช้งาน', '');
INSERT INTO user VALUES ('198', 'นางศิริวรรณ  เดชะรัฐ', 'ศิริวรรณ', '03b3ad1f2d1de6b7a12d168dfae7e312', '2016-07-01', 'user', 'เปิดใช้งาน', '');
INSERT INTO user VALUES ('199', 'ศิริวรรณ โตพุนพิน', 'ศิริวรรณ1', 'c8fe6ef6e912046c2e5f4618e1193660', '2016-07-01', 'user', 'เปิดใช้งาน', '');
INSERT INTO user VALUES ('200', 'นางศิริสันต์  พุ่มทอง', 'ศิริสันต์', '01dec1df4c08c337df513884a3f2c104', '2016-07-01', 'user', 'เปิดใช้งาน', '');
INSERT INTO user VALUES ('201', 'นางศุจิกา  แก้วเพ็ชร', 'ศุจิกา', 'b44ee0ab83bc959c9075bafe5003ca2d', '2016-07-01', 'user', 'เปิดใช้งาน', '');
INSERT INTO user VALUES ('202', 'น.ส.ศุภนารี มุสิกสาร', 'ศุภนารี', '1f0fdd191d917c40b7396ec7332fe0de', '2016-07-01', 'user', 'เปิดใช้งาน', '');
INSERT INTO user VALUES ('203', 'นางสาวศุภากร  พูลสุข', 'ศุภากร', '1680829293f2a8541efa2647a0290f88', '2016-07-01', 'user', 'เปิดใช้งาน', '');
INSERT INTO user VALUES ('204', 'นางสาวสกาวรัตน์  สุดทองคง', 'สกาวรัตน์', '1680829293f2a8541efa2647a0290f88', '2016-07-01', 'user', 'เปิดใช้งาน', '');
INSERT INTO user VALUES ('205', 'นายสนั่น  อินยอด', 'สนั่น', '---', '2016-07-01', 'user', 'เปิดใช้งาน', '');
INSERT INTO user VALUES ('206', 'นายสมโชค  แบนเพชร', 'สมโชค', '127ddf1f6cfc65b4e98463b8f76cf654', '2016-07-01', 'user', 'เปิดใช้งาน', '');
INSERT INTO user VALUES ('207', 'นพ.สมบูรณ์  หทัยอยู่สุข', 'สมบูรณ์01', 'd0761d55ace9212e69c47fa06463c6b4', '2016-07-01', 'user', 'เปิดใช้งาน', '');
INSERT INTO user VALUES ('208', 'นางสาวสมบูรณ์  ดีภักดิ์', 'สมบูรณ์', 'dc63dbc8b5d9d871a6d0480b970dc8e7', '2016-07-01', 'user', 'เปิดใช้งาน', '');
INSERT INTO user VALUES ('209', 'นายสมโภช  นาคสวัสดิ์', 'สมโภช', '---', '2016-07-01', 'user', 'เปิดใช้งาน', '');
INSERT INTO user VALUES ('210', 'นายสมศักดิ์  คล้ายอุดม', 'สมศักดิ์', '2b439dc7a4a926702dede6376323519a', '2016-07-01', 'user', 'เปิดใช้งาน', '');
INSERT INTO user VALUES ('211', 'นางสาวสลิล  สุวพันธ์', 'สลิล', '46d6832f62575c6b93a9a58743b0cd99', '2016-07-01', 'user', 'เปิดใช้งาน', '');
INSERT INTO user VALUES ('212', 'นายสากล  สุวรรณรัตน์', 'สากล', '11f524c3fbfeeca4aa916edcb6b6392e', '2016-07-01', 'user', 'เปิดใช้งาน', '');
INSERT INTO user VALUES ('213', 'นางสาคร  วิเศษสวัสดิ์', 'สาคร', '79ca44efaeab30e6a5979843feab9e7f', '2016-07-01', 'user', 'เปิดใช้งาน', '');
INSERT INTO user VALUES ('214', 'สายชล  ชูวัจนะ', 'สายชล', '53bcf08806912cb66d46be7435e0f3b0', '2016-07-01', 'user', 'เปิดใช้งาน', '');
INSERT INTO user VALUES ('215', 'นางสาวสาริณี  ส่งศรี', 'สาริณี', '8da57fac3313174128cc5f13328d4573', '2016-07-01', 'user', 'เปิดใช้งาน', '');
INSERT INTO user VALUES ('216', 'นางสาวสาริศา  คงครุฑ', 'สาริศา', 'a49591dd4812f9c7e6bfac1578fbf0d7', '2016-07-01', 'user', 'เปิดใช้งาน', '');
INSERT INTO user VALUES ('217', 'นายสิทธิพงษ์  ละเอียด', 'สิทธิพงษ์', '3b24a77a65967b19ad1cb3e6ca9bdb1a', '2016-07-01', 'user', 'เปิดใช้งาน', '');
INSERT INTO user VALUES ('218', 'นายสิทธิพร  พรหมอาวุธ', 'สิทธิพร', 'a51adaf07792354ab769f4d76ab542b6', '2016-07-01', 'user', 'เปิดใช้งาน', '');
INSERT INTO user VALUES ('219', 'นางสาวสิริกร  ขำจิตร', 'สิริกร', '127ddf1f6cfc65b4e98463b8f76cf654', '2016-07-01', 'user', 'เปิดใช้งาน', '');
INSERT INTO user VALUES ('220', 'พญ.สุกัญญา แสงสุวรรณ', 'สุกัญญา', '15de21c670ae7c3f6f3f1f37029303c9', '2016-07-01', 'user', 'เปิดใช้งาน', '');
INSERT INTO user VALUES ('221', 'น.ส.สุจิตรา  คำภา', 'สุจิตรา', 'd71307cb468da0775857f8ab1421aac3', '2016-07-01', 'user', 'เปิดใช้งาน', '');
INSERT INTO user VALUES ('222', 'นางสาวสุจินต์  คงท่าเรือ', 'สุจินต์', '---', '2016-07-01', 'user', 'เปิดใช้งาน', '');
INSERT INTO user VALUES ('223', 'นางสุณีย์  จิตต์นิพนธ์', 'สุณีย์', '82823c66542ee7d5533e58017052e3c4', '2016-07-01', 'user', 'เปิดใช้งาน', '');
INSERT INTO user VALUES ('224', 'นางสาวสุธารัตน์  ครุทสิงห์', 'สุธารัตน์', 'bc5fcb0018cecacba559dc512740091b', '2016-07-01', 'user', 'เปิดใช้งาน', '');
INSERT INTO user VALUES ('225', 'นางสุธีรา  ศรีกาญจน์', 'สุธีรา', '96927817c762eb0a96c1eff02b0e99d2', '2016-07-01', 'user', 'เปิดใช้งาน', '');
INSERT INTO user VALUES ('226', 'นางสุนิสา ทูโมสิก', 'สุนิสา', 'ea81a3d20bf98ef2c9bef9dc24ec777a', '2016-07-01', 'user', 'เปิดใช้งาน', '');
INSERT INTO user VALUES ('227', 'นายสุพจน์  เพชรประพันธ์', 'สุพจน์', '28b0dfbe240c2192a39084c2f2103f2b', '2016-07-01', 'user', 'เปิดใช้งาน', '');
INSERT INTO user VALUES ('228', 'นางสุภมาส  วังมี', 'สุภมาส', 'a33e40001e4bb3fd0e223ff62de5cae0', '2016-07-01', 'user', 'เปิดใช้งาน', '');
INSERT INTO user VALUES ('229', 'นางสาวสุภรณ์พรรณ เทพพิทักษ์', 'สุภรณ์พรรณ', '41a60377ba920919939d83326ebee5a1', '2016-07-01', 'user', 'เปิดใช้งาน', '');
INSERT INTO user VALUES ('230', 'นางสุรางค์  ศรีมหาดไทย', 'สุรางค์', '81dc9bdb52d04dc20036dbd8313ed055', '2016-07-01', 'user', 'เปิดใช้งาน', '');
INSERT INTO user VALUES ('231', 'นางสาวสุวรรณลี  แซ่เอี๊ยบ', 'สุวรรณลี', 'e42ad93f7491f2a38ba2ec1416ef6f55', '2016-07-01', 'user', 'เปิดใช้งาน', '');
INSERT INTO user VALUES ('232', 'นางเสริมสุดา  งิ้วสุบรรณ', 'เสริมสุดา', '04baa6edb99b62c37ce2b9c06c2011ec', '2016-07-01', 'user', 'เปิดใช้งาน', '');
INSERT INTO user VALUES ('233', 'นางเสาวนีย์  นาวารัตน์', 'เสาวนีย์', '49ddafa93b4052e15e041a43d4343fda', '2016-07-01', 'user', 'เปิดใช้งาน', '');
INSERT INTO user VALUES ('234', 'นางสาวหทัยรัตน์  เพชรเนียม', 'หทัยรัตน์', '82ca5dd156cc926b2992f73c2896f761', '2016-07-01', 'user', 'เปิดใช้งาน', '');
INSERT INTO user VALUES ('235', 'น.ส.หยาดฤทัย  โก้สกุล', 'หยาดฤทัย', 'aa0a70d078e1565549b68fde10156436', '2016-07-01', 'user', 'เปิดใช้งาน', '');
INSERT INTO user VALUES ('236', 'นางอมรา  เบ็ญจมณี', 'อมรา', '8d09e4b85c783cbc30c9b8ae175f2d33', '2016-07-01', 'user', 'เปิดใช้งาน', '');
INSERT INTO user VALUES ('237', 'นางสาวอมราพงศ์  วุฒิระวัฒน์', 'อมราพงศ์', 'b6b17e538eab544eeff0a030b8f0c3dc', '2016-07-01', 'user', 'เปิดใช้งาน', '');
INSERT INTO user VALUES ('238', 'นางสาวอรวรรณ  มุขพริ้ม', 'อรวรรณ', '---', '2016-07-01', 'user', 'เปิดใช้งาน', '');
INSERT INTO user VALUES ('239', 'นางอรวรา  ภุมรินทร์', 'อรวรา', 'f9664ea1803311b35f81d07d8c9e072d', '2016-07-01', 'user', 'เปิดใช้งาน', '');
INSERT INTO user VALUES ('240', 'นางอรสา  โนนพลกรัง', 'อรสา', '42d470aa848c771c6522022a5e974f97', '2016-07-01', 'user', 'เปิดใช้งาน', '');
INSERT INTO user VALUES ('241', 'นางอรสา  เทวสกุลวงศ์', 'อรสา2', '283391c6c83df2bba66dd4bd541d7806', '2016-07-01', 'user', 'เปิดใช้งาน', '');
INSERT INTO user VALUES ('242', 'นางอริยา  สิทธิสมบูรณ์', 'อริยา', 'c8ba76c279269b1c6bc8a07e38e78fa4', '2016-07-01', 'user', 'เปิดใช้งาน', '');
INSERT INTO user VALUES ('243', 'นพ.อลงกรณ์ ญาณสูตร', 'อลงกรณ์', '8248a99e81e752cb9b41da3fc43fbe7f', '2016-07-01', 'user', 'เปิดใช้งาน', '');
INSERT INTO user VALUES ('244', 'นางสาวอลิสา  พลอินทร์', 'อลิสา', '9cd78264cf2cd821ba651485c111a29a', '2016-07-01', 'user', 'เปิดใช้งาน', '');
INSERT INTO user VALUES ('245', 'นางสาวอ้อมใจ  แซ่เจีย', 'อ้อมใจ', '4a8423d5e91fda00bb7e46540e2b0cf1', '2016-07-01', 'user', 'เปิดใช้งาน', '');
INSERT INTO user VALUES ('246', 'นางสาวอัฏนา  อ้นเพ็ง', 'อัฏนา', '1a17f2e869965d1670bcd07b550cff18', '2016-07-01', 'user', 'เปิดใช้งาน', '');
INSERT INTO user VALUES ('247', 'นางสาวอัมพิกา  ปิ่นสุวรรณ', 'อัมพิกา', '52ac91a8c883b4e32284c177f361e564', '2016-07-01', 'user', 'เปิดใช้งาน', '');
INSERT INTO user VALUES ('248', 'นางสาวอาภัสรา กี้ข้อ', 'อาภัสรา', '7c10b175d3764a024cd44e6469f3bc48', '2016-07-01', 'user', 'เปิดใช้งาน', '');
INSERT INTO user VALUES ('249', 'นางอารีย์  เสถียรวงศา', 'อารีย์', 'db50051439c40fbbdc979ef59192247d', '2016-07-01', 'user', 'เปิดใช้งาน', '');
INSERT INTO user VALUES ('250', 'นางอำภารัตน์  อุตฐา', 'อำภารัตน์', 'a51c896c9cb81ecb5a199d51ac9fc3c5', '2016-07-01', 'user', 'เปิดใช้งาน', '');
INSERT INTO user VALUES ('251', 'อิณฑิภา  หนุนภักดี', 'อิณฑิภา', '14cfdb59b5bda1fc245aadae15b1984a', '2016-07-01', 'user', 'เปิดใช้งาน', '');
INSERT INTO user VALUES ('252', 'อินทิรา นุ้ยสุจริต', 'อินทิรา', '2b38c2df6a49b97f706ec9148ce48d86', '2016-07-01', 'user', 'เปิดใช้งาน', '');
INSERT INTO user VALUES ('253', 'นายอิศเรศร์  นาครักสุด', 'อิศเรศร์', '92a404e378773cf29e442dd05be08419', '2016-07-01', 'user', 'เปิดใช้งาน', '');
INSERT INTO user VALUES ('254', 'นางสาวเอราวัณ รอดศรี', 'เอราวัณ', 'a94f5bd870a3dbc3a98bb1691178d821', '2016-07-01', 'user', 'เปิดใช้งาน', '');
